customer_id,age_cat,freq_cat
1,age20~34,freq2
2,age35~49,freq0
3,age35~49,freq0
4,age~19,freq0
5,age35~49,freq0
6,age20~34,freq1
7,age~19,freq1
8,age~19,freq0
9,age35~49,freq0
10,age20~34,freq1
11,age35~49,freq1
12,age35~49,freq1
13,age35~49,freq1
14,age35~49,freq2
15,age35~49,freq0
16,age20~34,freq1
17,age35~49,freq0
18,age50~,freq0
19,age20~34,freq1
20,age~19,freq1
21,age35~49,freq1
22,age20~34,freq1
23,age35~49,freq1
24,age35~49,freq1
25,age~19,freq1
26,age35~49,freq0
27,age20~34,freq3~
28,age~19,freq3~
29,age50~,freq0
30,age20~34,freq0
31,age35~49,freq0
32,age~19,freq0
33,age20~34,freq0
34,age~19,freq0
35,age35~49,freq0
36,age20~34,freq3~
37,age35~49,freq0
38,age20~34,freq3~
39,age20~34,freq1
40,age20~34,freq0
41,age50~,freq0
42,age35~49,freq0
43,age35~49,freq1
44,age20~34,freq1
45,age50~,freq0
46,age20~34,freq3~
47,age20~34,freq0
48,age~19,freq1
49,age50~,freq0
50,age50~,freq1
51,age35~49,freq1
52,age35~49,freq1
53,age35~49,freq0
54,age35~49,freq1
55,age35~49,freq1
56,age35~49,freq0
57,age35~49,freq1
58,age35~49,freq0
59,age20~34,freq0
60,age35~49,freq0
61,age~19,freq1
62,age20~34,freq0
63,age20~34,freq0
64,age35~49,freq0
65,age~19,freq1
66,age20~34,freq1
67,age50~,freq0
68,age35~49,freq1
69,age~19,freq1
70,age35~49,freq1
71,age20~34,freq3~
72,age50~,freq2
73,age35~49,freq1
74,age20~34,freq0
75,age50~,freq3~
76,age35~49,freq0
77,age35~49,freq1
78,age20~34,freq0
79,age35~49,freq1
80,age20~34,freq1
81,age50~,freq3~
82,age50~,freq0
83,age35~49,freq0
84,age35~49,freq2
85,age20~34,freq1
86,age35~49,freq3~
87,age35~49,freq3~
88,age35~49,freq2
89,age20~34,freq1
90,age50~,freq3~
91,age20~34,freq0
92,age~19,freq2
93,age~19,freq3~
94,age20~34,freq1
95,age20~34,freq0
96,age~19,freq0
97,age35~49,freq3~
98,age50~,freq0
99,age35~49,freq1
100,age20~34,freq0
101,age20~34,freq0
102,age35~49,freq0
103,age~19,freq3~
104,age~19,freq3~
105,age50~,freq0
106,age35~49,freq1
107,age35~49,freq1
108,age~19,freq1
109,age35~49,freq0
110,age35~49,freq3~
111,age20~34,freq1
112,age35~49,freq0
113,age35~49,freq2
114,age35~49,freq3~
115,age35~49,freq0
116,age35~49,freq0
117,age20~34,freq1
118,age20~34,freq0
119,age20~34,freq1
120,age35~49,freq0
121,age20~34,freq1
122,age35~49,freq0
123,age35~49,freq0
124,age35~49,freq0
125,age50~,freq3~
126,age35~49,freq0
127,age35~49,freq0
128,age35~49,freq2
129,age20~34,freq3~
130,age50~,freq1
131,age50~,freq0
132,age35~49,freq1
133,age35~49,freq0
134,age20~34,freq1
135,age~19,freq3~
136,age~19,freq0
137,age35~49,freq0
138,age35~49,freq1
139,age20~34,freq1
140,age35~49,freq0
141,age50~,freq3~
142,age20~34,freq0
143,age20~34,freq0
144,age35~49,freq0
145,age20~34,freq0
146,age35~49,freq0
147,age35~49,freq2
148,age20~34,freq1
149,age35~49,freq1
150,age50~,freq0
151,age50~,freq0
152,age50~,freq0
153,age20~34,freq0
154,age~19,freq3~
155,age35~49,freq0
156,age35~49,freq2
157,age35~49,freq0
158,age20~34,freq1
159,age20~34,freq1
160,age50~,freq1
161,age~19,freq3~
162,age50~,freq3~
163,age20~34,freq0
164,age50~,freq0
165,age50~,freq1
166,age35~49,freq0
167,age35~49,freq3~
168,age35~49,freq0
169,age20~34,freq0
170,age50~,freq0
171,age~19,freq0
172,age50~,freq0
173,age20~34,freq0
174,age20~34,freq0
175,age20~34,freq0
176,age35~49,freq0
177,age50~,freq3~
178,age20~34,freq0
179,age20~34,freq1
180,age35~49,freq0
181,age35~49,freq0
182,age50~,freq1
183,age35~49,freq1
184,age35~49,freq0
185,age20~34,freq0
186,age20~34,freq0
187,age35~49,freq3~
188,age35~49,freq0
189,age20~34,freq0
190,age20~34,freq0
191,age50~,freq1
192,age35~49,freq3~
193,age20~34,freq3~
194,age50~,freq0
195,age35~49,freq1
196,age35~49,freq1
197,age~19,freq0
198,age50~,freq0
199,age20~34,freq2
200,age20~34,freq2
201,age35~49,freq1
202,age20~34,freq0
203,age35~49,freq3~
204,age~19,freq0
205,age35~49,freq1
206,age50~,freq0
207,age35~49,freq0
208,age50~,freq1
209,age50~,freq3~
210,age35~49,freq3~
211,age50~,freq3~
212,age20~34,freq0
213,age~19,freq2
214,age20~34,freq0
215,age35~49,freq3~
216,age35~49,freq0
217,age35~49,freq0
218,age35~49,freq2
219,age50~,freq0
220,age50~,freq3~
221,age~19,freq0
222,age35~49,freq0
223,age20~34,freq0
224,age20~34,freq3~
225,age20~34,freq0
226,age35~49,freq1
227,age50~,freq1
228,age20~34,freq3~
229,age20~34,freq1
230,age50~,freq0
231,age35~49,freq1
232,age~19,freq3~
233,age35~49,freq1
234,age50~,freq2
235,age50~,freq1
236,age35~49,freq0
237,age35~49,freq0
238,age35~49,freq3~
239,age50~,freq1
240,age20~34,freq0
241,age35~49,freq0
242,age20~34,freq0
243,age~19,freq0
244,age35~49,freq0
245,age35~49,freq0
246,age35~49,freq3~
247,age35~49,freq1
248,age50~,freq0
249,age50~,freq0
250,age35~49,freq2
251,age35~49,freq1
252,age20~34,freq0
253,age20~34,freq1
254,age~19,freq0
255,age20~34,freq2
256,age50~,freq1
257,age35~49,freq1
258,age35~49,freq1
259,age50~,freq0
260,age20~34,freq1
261,age50~,freq0
262,age20~34,freq1
263,age50~,freq2
264,age35~49,freq1
265,age35~49,freq0
266,age35~49,freq0
267,age50~,freq2
268,age20~34,freq0
269,age20~34,freq2
270,age50~,freq0
271,age20~34,freq0
272,age35~49,freq1
273,age35~49,freq3~
274,age~19,freq0
275,age35~49,freq0
276,age20~34,freq0
277,age20~34,freq0
278,age~19,freq3~
279,age50~,freq0
280,age20~34,freq1
281,age~19,freq2
282,age50~,freq3~
283,age35~49,freq1
284,age50~,freq0
285,age35~49,freq1
286,age50~,freq3~
287,age20~34,freq1
288,age20~34,freq1
289,age35~49,freq1
290,age35~49,freq3~
291,age35~49,freq0
292,age20~34,freq3~
293,age20~34,freq1
294,age20~34,freq3~
295,age~19,freq1
296,age20~34,freq1
297,age20~34,freq1
298,age20~34,freq3~
299,age20~34,freq0
300,age35~49,freq0
301,age35~49,freq0
302,age50~,freq3~
303,age35~49,freq0
304,age35~49,freq0
305,age35~49,freq2
306,age~19,freq1
307,age35~49,freq3~
308,age20~34,freq0
309,age35~49,freq1
310,age~19,freq0
311,age20~34,freq0
312,age35~49,freq2
313,age50~,freq0
314,age~19,freq1
315,age35~49,freq2
316,age35~49,freq1
317,age50~,freq3~
318,age50~,freq1
319,age20~34,freq2
320,age35~49,freq0
321,age20~34,freq0
322,age35~49,freq3~
323,age35~49,freq0
324,age35~49,freq0
325,age35~49,freq1
326,age35~49,freq0
327,age35~49,freq0
328,age~19,freq0
329,age~19,freq0
330,age20~34,freq0
331,age35~49,freq1
332,age20~34,freq0
333,age50~,freq0
334,age35~49,freq1
335,age35~49,freq3~
336,age20~34,freq0
337,age20~34,freq3~
338,age35~49,freq1
339,age20~34,freq3~
340,age35~49,freq0
341,age35~49,freq0
342,age~19,freq3~
343,age35~49,freq3~
344,age20~34,freq0
345,age20~34,freq1
346,age50~,freq0
347,age50~,freq0
348,age20~34,freq0
349,age35~49,freq1
350,age20~34,freq3~
351,age20~34,freq3~
352,age20~34,freq0
353,age20~34,freq3~
354,age35~49,freq1
355,age35~49,freq1
356,age50~,freq1
357,age35~49,freq2
358,age~19,freq0
359,age35~49,freq1
360,age35~49,freq1
361,age35~49,freq1
362,age20~34,freq1
363,age50~,freq2
364,age35~49,freq3~
365,age20~34,freq0
366,age20~34,freq0
367,age~19,freq0
368,age35~49,freq0
369,age50~,freq0
370,age20~34,freq1
371,age35~49,freq0
372,age35~49,freq0
373,age50~,freq2
374,age35~49,freq3~
375,age50~,freq2
376,age20~34,freq3~
377,age35~49,freq1
378,age~19,freq3~
379,age20~34,freq0
380,age50~,freq0
381,age35~49,freq3~
382,age~19,freq0
383,age35~49,freq1
384,age~19,freq3~
385,age35~49,freq0
386,age35~49,freq1
387,age35~49,freq2
388,age35~49,freq0
389,age35~49,freq3~
390,age20~34,freq1
391,age20~34,freq1
392,age35~49,freq1
393,age35~49,freq3~
394,age35~49,freq3~
395,age20~34,freq1
396,age~19,freq0
397,age35~49,freq0
398,age50~,freq1
399,age20~34,freq2
400,age50~,freq1
401,age50~,freq0
402,age20~34,freq3~
403,age~19,freq3~
404,age~19,freq0
405,age35~49,freq0
406,age35~49,freq0
407,age50~,freq0
408,age~19,freq0
409,age50~,freq0
410,age35~49,freq3~
411,age~19,freq0
412,age35~49,freq1
413,age35~49,freq0
414,age50~,freq0
415,age20~34,freq1
416,age50~,freq0
417,age35~49,freq0
418,age35~49,freq1
419,age35~49,freq3~
420,age20~34,freq0
421,age35~49,freq0
422,age35~49,freq0
423,age50~,freq0
424,age50~,freq3~
425,age50~,freq3~
426,age20~34,freq2
427,age~19,freq1
428,age50~,freq1
429,age50~,freq1
430,age35~49,freq1
431,age35~49,freq1
432,age35~49,freq1
433,age35~49,freq1
434,age20~34,freq0
435,age35~49,freq1
436,age20~34,freq1
437,age50~,freq0
438,age~19,freq0
439,age50~,freq0
440,age20~34,freq1
441,age20~34,freq0
442,age20~34,freq1
443,age~19,freq0
444,age20~34,freq0
445,age35~49,freq0
446,age20~34,freq0
447,age35~49,freq0
448,age35~49,freq1
449,age35~49,freq0
450,age35~49,freq1
451,age35~49,freq0
452,age35~49,freq1
453,age20~34,freq0
454,age50~,freq3~
455,age50~,freq0
456,age20~34,freq2
457,age20~34,freq0
458,age35~49,freq0
459,age20~34,freq2
460,age50~,freq0
461,age35~49,freq0
462,age~19,freq0
463,age20~34,freq3~
464,age20~34,freq1
465,age35~49,freq1
466,age35~49,freq2
467,age35~49,freq2
468,age35~49,freq2
469,age35~49,freq3~
470,age35~49,freq0
471,age35~49,freq3~
472,age35~49,freq2
473,age50~,freq1
474,age20~34,freq1
475,age20~34,freq1
476,age20~34,freq0
477,age50~,freq1
478,age20~34,freq0
479,age20~34,freq1
480,age35~49,freq3~
481,age35~49,freq1
482,age35~49,freq0
483,age~19,freq0
484,age50~,freq1
485,age50~,freq0
486,age35~49,freq1
487,age35~49,freq3~
488,age35~49,freq3~
489,age20~34,freq1
490,age35~49,freq3~
491,age35~49,freq0
492,age35~49,freq1
493,age50~,freq0
494,age20~34,freq0
495,age35~49,freq0
496,age35~49,freq1
497,age35~49,freq1
498,age20~34,freq1
499,age35~49,freq0
500,age35~49,freq2
501,age20~34,freq0
502,age50~,freq0
503,age20~34,freq3~
504,age35~49,freq0
505,age35~49,freq2
506,age20~34,freq0
507,age20~34,freq0
508,age20~34,freq3~
509,age20~34,freq0
510,age35~49,freq0
511,age20~34,freq2
512,age20~34,freq1
513,age20~34,freq0
514,age35~49,freq0
515,age35~49,freq1
516,age~19,freq3~
517,age35~49,freq0
518,age50~,freq0
519,age35~49,freq0
520,age50~,freq0
521,age20~34,freq1
522,age35~49,freq3~
523,age50~,freq0
524,age20~34,freq0
525,age50~,freq1
526,age35~49,freq0
527,age50~,freq0
528,age50~,freq1
529,age35~49,freq1
530,age~19,freq0
531,age35~49,freq3~
532,age50~,freq2
533,age20~34,freq0
534,age50~,freq0
535,age35~49,freq0
536,age35~49,freq1
537,age20~34,freq3~
538,age20~34,freq0
539,age50~,freq0
540,age~19,freq1
541,age20~34,freq3~
542,age35~49,freq3~
543,age35~49,freq0
544,age35~49,freq2
545,age35~49,freq3~
546,age35~49,freq1
547,age~19,freq1
548,age35~49,freq0
549,age35~49,freq3~
550,age35~49,freq0
551,age35~49,freq2
552,age50~,freq0
553,age50~,freq1
554,age35~49,freq0
555,age50~,freq3~
556,age35~49,freq1
557,age50~,freq1
558,age35~49,freq2
559,age50~,freq0
560,age35~49,freq0
561,age20~34,freq3~
562,age20~34,freq0
563,age50~,freq3~
564,age20~34,freq1
565,age35~49,freq3~
566,age35~49,freq0
567,age50~,freq1
568,age20~34,freq1
569,age35~49,freq0
570,age35~49,freq0
571,age50~,freq0
572,age35~49,freq1
573,age20~34,freq0
574,age35~49,freq0
575,age20~34,freq2
576,age35~49,freq1
577,age20~34,freq2
578,age35~49,freq1
579,age50~,freq0
580,age50~,freq0
581,age20~34,freq0
582,age35~49,freq3~
583,age20~34,freq0
584,age35~49,freq3~
585,age~19,freq2
586,age35~49,freq3~
587,age35~49,freq0
588,age35~49,freq1
589,age20~34,freq1
590,age35~49,freq0
591,age50~,freq0
592,age35~49,freq1
593,age35~49,freq0
594,age35~49,freq3~
595,age35~49,freq0
596,age20~34,freq1
597,age50~,freq1
598,age50~,freq3~
599,age20~34,freq0
600,age35~49,freq1
601,age50~,freq3~
602,age35~49,freq3~
603,age20~34,freq1
604,age50~,freq0
605,age35~49,freq1
606,age50~,freq1
607,age35~49,freq1
608,age50~,freq3~
609,age50~,freq1
610,age20~34,freq3~
611,age35~49,freq3~
612,age50~,freq2
613,age20~34,freq1
614,age35~49,freq0
615,age20~34,freq0
616,age35~49,freq0
617,age20~34,freq0
618,age50~,freq1
619,age~19,freq0
620,age~19,freq0
621,age20~34,freq3~
622,age20~34,freq0
623,age50~,freq0
624,age50~,freq3~
625,age20~34,freq1
626,age20~34,freq1
627,age20~34,freq1
628,age35~49,freq3~
629,age50~,freq3~
630,age~19,freq0
631,age50~,freq1
632,age20~34,freq1
633,age20~34,freq1
634,age35~49,freq1
635,age35~49,freq3~
636,age35~49,freq1
637,age20~34,freq0
638,age35~49,freq3~
639,age20~34,freq0
640,age50~,freq0
641,age~19,freq3~
642,age20~34,freq2
643,age~19,freq3~
644,age20~34,freq0
645,age50~,freq0
646,age50~,freq1
647,age35~49,freq3~
648,age20~34,freq2
649,age35~49,freq0
650,age35~49,freq0
651,age35~49,freq1
652,age50~,freq0
653,age35~49,freq1
654,age50~,freq3~
655,age~19,freq1
656,age~19,freq2
657,age35~49,freq1
658,age50~,freq0
659,age20~34,freq1
660,age35~49,freq0
661,age35~49,freq1
662,age20~34,freq0
663,age35~49,freq3~
664,age50~,freq1
665,age35~49,freq2
666,age35~49,freq0
667,age35~49,freq3~
668,age35~49,freq0
669,age20~34,freq3~
670,age20~34,freq0
671,age20~34,freq3~
672,age35~49,freq1
673,age20~34,freq2
674,age35~49,freq1
675,age50~,freq2
676,age35~49,freq1
677,age20~34,freq0
678,age35~49,freq1
679,age20~34,freq0
680,age35~49,freq1
681,age35~49,freq1
682,age35~49,freq1
683,age35~49,freq0
684,age35~49,freq0
685,age20~34,freq0
686,age35~49,freq0
687,age35~49,freq0
688,age20~34,freq3~
689,age20~34,freq3~
690,age50~,freq1
691,age20~34,freq0
692,age20~34,freq1
693,age50~,freq0
694,age20~34,freq0
695,age20~34,freq0
696,age~19,freq0
697,age50~,freq0
698,age35~49,freq3~
699,age20~34,freq2
700,age50~,freq3~
701,age20~34,freq0
702,age35~49,freq0
703,age20~34,freq2
704,age~19,freq0
705,age20~34,freq0
706,age~19,freq1
707,age20~34,freq0
708,age50~,freq1
709,age50~,freq0
710,age20~34,freq3~
711,age35~49,freq2
712,age35~49,freq2
713,age35~49,freq0
714,age35~49,freq1
715,age~19,freq0
716,age20~34,freq0
717,age50~,freq3~
718,age50~,freq0
719,age35~49,freq1
720,age20~34,freq2
721,age35~49,freq1
722,age35~49,freq0
723,age35~49,freq3~
724,age20~34,freq3~
725,age35~49,freq0
726,age50~,freq0
727,age50~,freq3~
728,age35~49,freq0
729,age35~49,freq0
730,age35~49,freq3~
731,age20~34,freq3~
732,age20~34,freq0
733,age20~34,freq0
734,age35~49,freq0
735,age20~34,freq1
736,age35~49,freq0
737,age20~34,freq1
738,age35~49,freq3~
739,age35~49,freq1
740,age20~34,freq1
741,age20~34,freq1
742,age50~,freq2
743,age20~34,freq0
744,age35~49,freq0
745,age~19,freq0
746,age50~,freq2
747,age20~34,freq2
748,age35~49,freq2
749,age35~49,freq1
750,age50~,freq0
751,age20~34,freq2
752,age20~34,freq0
753,age35~49,freq2
754,age50~,freq2
755,age35~49,freq0
756,age35~49,freq1
757,age35~49,freq2
758,age~19,freq0
759,age50~,freq2
760,age20~34,freq0
761,age35~49,freq3~
762,age20~34,freq3~
763,age35~49,freq2
764,age20~34,freq3~
765,age50~,freq1
766,age50~,freq1
767,age35~49,freq0
768,age20~34,freq0
769,age20~34,freq1
770,age20~34,freq0
771,age35~49,freq0
772,age35~49,freq2
773,age35~49,freq3~
774,age35~49,freq0
775,age35~49,freq3~
776,age~19,freq3~
777,age35~49,freq0
778,age50~,freq1
779,age20~34,freq0
780,age35~49,freq2
781,age20~34,freq3~
782,age50~,freq3~
783,age20~34,freq0
784,age35~49,freq0
785,age35~49,freq0
786,age50~,freq1
787,age20~34,freq2
788,age35~49,freq1
789,age35~49,freq0
790,age35~49,freq0
791,age35~49,freq0
792,age20~34,freq0
793,age20~34,freq0
794,age~19,freq0
795,age20~34,freq0
796,age35~49,freq0
797,age20~34,freq2
798,age20~34,freq3~
799,age35~49,freq0
800,age20~34,freq0
801,age50~,freq2
802,age35~49,freq0
803,age50~,freq3~
804,age20~34,freq0
805,age~19,freq1
806,age20~34,freq0
807,age20~34,freq0
808,age35~49,freq1
809,age~19,freq1
810,age20~34,freq1
811,age20~34,freq3~
812,age35~49,freq3~
813,age20~34,freq3~
814,age35~49,freq0
815,age20~34,freq1
816,age35~49,freq0
817,age20~34,freq0
818,age20~34,freq0
819,age35~49,freq1
820,age20~34,freq1
821,age35~49,freq1
822,age20~34,freq1
823,age35~49,freq3~
824,age50~,freq0
825,age50~,freq3~
826,age20~34,freq3~
827,age~19,freq0
828,age35~49,freq1
829,age35~49,freq1
830,age~19,freq3~
831,age~19,freq2
832,age50~,freq0
833,age35~49,freq3~
834,age~19,freq3~
835,age20~34,freq0
836,age20~34,freq3~
837,age20~34,freq0
838,age~19,freq1
839,age~19,freq3~
840,age35~49,freq0
841,age50~,freq0
842,age35~49,freq0
843,age20~34,freq1
844,age35~49,freq1
845,age20~34,freq3~
846,age20~34,freq1
847,age20~34,freq2
848,age50~,freq1
849,age20~34,freq0
850,age35~49,freq3~
851,age20~34,freq1
852,age20~34,freq2
853,age50~,freq3~
854,age35~49,freq1
855,age50~,freq1
856,age20~34,freq0
857,age~19,freq1
858,age35~49,freq0
859,age50~,freq2
860,age35~49,freq1
861,age50~,freq2
862,age~19,freq3~
863,age20~34,freq1
864,age35~49,freq3~
865,age50~,freq1
866,age50~,freq1
867,age20~34,freq3~
868,age20~34,freq1
869,age35~49,freq0
870,age35~49,freq1
871,age35~49,freq0
872,age50~,freq2
873,age~19,freq0
874,age50~,freq2
875,age35~49,freq1
876,age20~34,freq3~
877,age20~34,freq1
878,age35~49,freq0
879,age35~49,freq1
880,age35~49,freq0
881,age50~,freq3~
882,age20~34,freq0
883,age20~34,freq3~
884,age35~49,freq1
885,age50~,freq1
886,age35~49,freq1
887,age35~49,freq1
888,age35~49,freq0
889,age35~49,freq1
890,age20~34,freq3~
891,age35~49,freq3~
892,age35~49,freq3~
893,age35~49,freq3~
894,age35~49,freq0
895,age20~34,freq1
896,age35~49,freq3~
897,age35~49,freq0
898,age20~34,freq1
899,age50~,freq0
900,age20~34,freq0
901,age35~49,freq2
902,age20~34,freq2
903,age35~49,freq0
904,age20~34,freq0
905,age20~34,freq1
906,age20~34,freq1
907,age~19,freq0
908,age35~49,freq1
909,age50~,freq2
910,age35~49,freq0
911,age~19,freq0
912,age35~49,freq0
913,age35~49,freq0
914,age20~34,freq3~
915,age20~34,freq0
916,age35~49,freq3~
917,age~19,freq0
918,age50~,freq0
919,age35~49,freq0
920,age35~49,freq0
921,age20~34,freq0
922,age20~34,freq2
923,age20~34,freq0
924,age35~49,freq1
925,age~19,freq0
926,age50~,freq3~
927,age35~49,freq2
928,age35~49,freq2
929,age20~34,freq1
930,age50~,freq3~
931,age20~34,freq3~
932,age~19,freq2
933,age35~49,freq0
934,age~19,freq3~
935,age50~,freq1
936,age20~34,freq1
937,age35~49,freq1
938,age35~49,freq1
939,age50~,freq0
940,age50~,freq1
941,age35~49,freq2
942,age20~34,freq1
943,age20~34,freq1
944,age35~49,freq3~
945,age20~34,freq0
946,age35~49,freq3~
947,age~19,freq1
948,age50~,freq1
949,age35~49,freq2
950,age35~49,freq0
951,age20~34,freq3~
952,age35~49,freq1
953,age35~49,freq0
954,age35~49,freq1
955,age35~49,freq1
956,age50~,freq1
957,age50~,freq3~
958,age35~49,freq0
959,age35~49,freq0
960,age20~34,freq1
961,age35~49,freq0
962,age35~49,freq2
963,age35~49,freq1
964,age35~49,freq1
965,age50~,freq0
966,age20~34,freq1
967,age50~,freq2
968,age20~34,freq0
969,age50~,freq3~
970,age~19,freq1
971,age50~,freq0
972,age20~34,freq3~
973,age35~49,freq0
974,age~19,freq3~
975,age50~,freq2
976,age20~34,freq2
977,age35~49,freq0
978,age20~34,freq0
979,age50~,freq0
980,age35~49,freq1
981,age20~34,freq3~
982,age~19,freq0
983,age20~34,freq0
984,age35~49,freq0
985,age20~34,freq3~
986,age35~49,freq3~
987,age35~49,freq1
988,age35~49,freq1
989,age~19,freq3~
990,age20~34,freq0
991,age20~34,freq1
992,age50~,freq3~
993,age50~,freq1
994,age20~34,freq0
995,age50~,freq1
996,age~19,freq2
997,age35~49,freq3~
998,age35~49,freq0
999,age35~49,freq1
1000,age50~,freq0
1001,age50~,freq0
1002,age35~49,freq0
1003,age20~34,freq1
1004,age35~49,freq0
1005,age20~34,freq1
1006,age35~49,freq0
1007,age35~49,freq0
1008,age35~49,freq0
1009,age20~34,freq0
1010,age35~49,freq1
1011,age50~,freq1
1012,age35~49,freq3~
1013,age~19,freq0
1014,age35~49,freq1
1015,age20~34,freq1
1016,age50~,freq1
1017,age35~49,freq1
1018,age35~49,freq0
1019,age20~34,freq1
1020,age35~49,freq1
1021,age20~34,freq3~
1022,age20~34,freq1
1023,age20~34,freq0
1024,age35~49,freq3~
1025,age50~,freq2
1026,age20~34,freq2
1027,age20~34,freq0
1028,age20~34,freq1
1029,age50~,freq2
1030,age35~49,freq0
1031,age35~49,freq1
1032,age35~49,freq3~
1033,age20~34,freq1
1034,age~19,freq2
1035,age35~49,freq1
1036,age~19,freq1
1037,age20~34,freq0
1038,age20~34,freq0
1039,age50~,freq0
1040,age50~,freq0
1041,age20~34,freq1
1042,age20~34,freq1
1043,age~19,freq1
1044,age50~,freq1
1045,age35~49,freq2
1046,age20~34,freq0
1047,age35~49,freq0
1048,age~19,freq1
1049,age20~34,freq0
1050,age20~34,freq3~
1051,age20~34,freq1
1052,age20~34,freq0
1053,age20~34,freq1
1054,age50~,freq1
1055,age20~34,freq0
1056,age50~,freq1
1057,age50~,freq3~
1058,age35~49,freq1
1059,age~19,freq2
1060,age35~49,freq3~
1061,age20~34,freq0
1062,age20~34,freq3~
1063,age35~49,freq1
1064,age50~,freq0
1065,age35~49,freq1
1066,age20~34,freq1
1067,age35~49,freq1
1068,age35~49,freq0
1069,age20~34,freq2
1070,age~19,freq0
1071,age20~34,freq1
1072,age35~49,freq3~
1073,age35~49,freq0
1074,age50~,freq0
1075,age~19,freq2
1076,age~19,freq2
1077,age50~,freq3~
1078,age35~49,freq3~
1079,age35~49,freq3~
1080,age20~34,freq0
1081,age20~34,freq1
1082,age20~34,freq1
1083,age20~34,freq1
1084,age35~49,freq0
1085,age50~,freq0
1086,age35~49,freq2
1087,age50~,freq0
1088,age35~49,freq0
1089,age20~34,freq3~
1090,age50~,freq2
1091,age~19,freq0
1092,age~19,freq0
1093,age20~34,freq0
1094,age20~34,freq3~
1095,age20~34,freq1
1096,age~19,freq3~
1097,age20~34,freq3~
1098,age20~34,freq1
1099,age50~,freq0
1100,age50~,freq0
1101,age20~34,freq0
1102,age35~49,freq2
1103,age50~,freq1
1104,age35~49,freq3~
1105,age50~,freq1
1106,age20~34,freq3~
1107,age35~49,freq3~
1108,age50~,freq1
1109,age35~49,freq1
1110,age35~49,freq3~
1111,age~19,freq0
1112,age35~49,freq1
1113,age~19,freq3~
1114,age35~49,freq2
1115,age~19,freq0
1116,age50~,freq1
1117,age50~,freq0
1118,age20~34,freq2
1119,age35~49,freq1
1120,age20~34,freq0
1121,age~19,freq2
1122,age~19,freq3~
1123,age35~49,freq0
1124,age35~49,freq0
1125,age35~49,freq1
1126,age35~49,freq0
1127,age20~34,freq3~
1128,age~19,freq1
1129,age20~34,freq1
1130,age~19,freq1
1131,age20~34,freq2
1132,age20~34,freq1
1133,age50~,freq2
1134,age20~34,freq0
1135,age35~49,freq0
1136,age20~34,freq0
1137,age20~34,freq3~
1138,age~19,freq1
1139,age20~34,freq0
1140,age20~34,freq0
1141,age20~34,freq3~
1142,age50~,freq0
1143,age~19,freq0
1144,age20~34,freq1
1145,age35~49,freq0
1146,age35~49,freq1
1147,age20~34,freq1
1148,age~19,freq0
1149,age35~49,freq1
1150,age20~34,freq1
1151,age~19,freq1
1152,age35~49,freq2
1153,age35~49,freq2
1154,age~19,freq3~
1155,age35~49,freq0
1156,age50~,freq0
1157,age50~,freq0
1158,age50~,freq2
1159,age35~49,freq1
1160,age20~34,freq0
1161,age20~34,freq0
1162,age20~34,freq0
1163,age35~49,freq1
1164,age20~34,freq0
1165,age35~49,freq3~
1166,age~19,freq1
1167,age35~49,freq1
1168,age20~34,freq3~
1169,age35~49,freq1
1170,age35~49,freq0
1171,age50~,freq1
1172,age50~,freq0
1173,age35~49,freq0
1174,age35~49,freq0
1175,age50~,freq0
1176,age35~49,freq1
1177,age35~49,freq1
1178,age~19,freq3~
1179,age~19,freq0
1180,age20~34,freq1
1181,age~19,freq1
1182,age20~34,freq1
1183,age50~,freq1
1184,age20~34,freq0
1185,age20~34,freq0
1186,age~19,freq0
1187,age20~34,freq1
1188,age35~49,freq3~
1189,age~19,freq1
1190,age35~49,freq1
1191,age35~49,freq0
1192,age35~49,freq0
1193,age20~34,freq3~
1194,age35~49,freq1
1195,age20~34,freq0
1196,age35~49,freq0
1197,age20~34,freq2
1198,age20~34,freq1
1199,age20~34,freq1
1200,age50~,freq0
1201,age35~49,freq0
1202,age20~34,freq2
1203,age35~49,freq0
1204,age~19,freq0
1205,age20~34,freq1
1206,age50~,freq0
1207,age35~49,freq0
1208,age50~,freq3~
1209,age~19,freq1
1210,age35~49,freq1
1211,age20~34,freq2
1212,age35~49,freq0
1213,age20~34,freq3~
1214,age35~49,freq1
1215,age~19,freq0
1216,age50~,freq1
1217,age35~49,freq0
1218,age20~34,freq0
1219,age35~49,freq1
1220,age50~,freq3~
1221,age20~34,freq1
1222,age50~,freq0
1223,age20~34,freq1
1224,age35~49,freq0
1225,age35~49,freq3~
1226,age35~49,freq1
1227,age20~34,freq1
1228,age20~34,freq1
1229,age50~,freq2
1230,age50~,freq0
1231,age35~49,freq1
1232,age20~34,freq1
1233,age35~49,freq0
1234,age35~49,freq1
1235,age35~49,freq0
1236,age35~49,freq0
1237,age35~49,freq1
1238,age50~,freq3~
1239,age35~49,freq1
1240,age35~49,freq1
1241,age35~49,freq2
1242,age20~34,freq0
1243,age20~34,freq0
1244,age~19,freq1
1245,age35~49,freq1
1246,age50~,freq0
1247,age35~49,freq3~
1248,age20~34,freq1
1249,age35~49,freq1
1250,age35~49,freq1
1251,age20~34,freq0
1252,age20~34,freq1
1253,age35~49,freq3~
1254,age20~34,freq1
1255,age50~,freq0
1256,age35~49,freq3~
1257,age20~34,freq0
1258,age20~34,freq0
1259,age20~34,freq0
1260,age20~34,freq0
1261,age~19,freq0
1262,age35~49,freq0
1263,age35~49,freq3~
1264,age20~34,freq2
1265,age35~49,freq1
1266,age50~,freq1
1267,age20~34,freq0
1268,age35~49,freq1
1269,age50~,freq0
1270,age20~34,freq0
1271,age35~49,freq0
1272,age35~49,freq1
1273,age35~49,freq0
1274,age20~34,freq0
1275,age20~34,freq2
1276,age35~49,freq1
1277,age50~,freq0
1278,age20~34,freq1
1279,age50~,freq1
1280,age35~49,freq0
1281,age50~,freq0
1282,age35~49,freq0
1283,age35~49,freq0
1284,age50~,freq1
1285,age35~49,freq1
1286,age~19,freq0
1287,age35~49,freq0
1288,age20~34,freq0
1289,age20~34,freq0
1290,age20~34,freq0
1291,age20~34,freq3~
1292,age50~,freq1
1293,age50~,freq1
1294,age35~49,freq2
1295,age~19,freq0
1296,age20~34,freq1
1297,age20~34,freq3~
1298,age~19,freq0
1299,age35~49,freq0
1300,age~19,freq0
1301,age35~49,freq0
1302,age50~,freq3~
1303,age~19,freq1
1304,age50~,freq3~
1305,age20~34,freq1
1306,age~19,freq1
1307,age50~,freq0
1308,age35~49,freq0
1309,age20~34,freq1
1310,age35~49,freq0
1311,age20~34,freq3~
1312,age35~49,freq0
1313,age35~49,freq0
1314,age50~,freq1
1315,age35~49,freq0
1316,age35~49,freq1
1317,age20~34,freq0
1318,age35~49,freq1
1319,age35~49,freq3~
1320,age35~49,freq2
1321,age20~34,freq1
1322,age20~34,freq0
1323,age~19,freq1
1324,age35~49,freq1
1325,age35~49,freq0
1326,age35~49,freq1
1327,age35~49,freq1
1328,age20~34,freq3~
1329,age~19,freq3~
1330,age35~49,freq3~
1331,age20~34,freq3~
1332,age35~49,freq1
1333,age35~49,freq3~
1334,age50~,freq2
1335,age20~34,freq1
1336,age35~49,freq3~
1337,age20~34,freq0
1338,age~19,freq0
1339,age35~49,freq3~
1340,age35~49,freq3~
1341,age20~34,freq0
1342,age35~49,freq0
1343,age35~49,freq2
1344,age50~,freq3~
1345,age20~34,freq1
1346,age35~49,freq1
1347,age50~,freq0
1348,age35~49,freq0
1349,age~19,freq0
1350,age20~34,freq0
1351,age35~49,freq0
1352,age~19,freq0
1353,age35~49,freq0
1354,age50~,freq1
1355,age20~34,freq3~
1356,age20~34,freq0
1357,age35~49,freq1
1358,age20~34,freq3~
1359,age35~49,freq2
1360,age35~49,freq1
1361,age50~,freq0
1362,age50~,freq1
1363,age~19,freq0
1364,age50~,freq1
1365,age35~49,freq1
1366,age50~,freq3~
1367,age50~,freq0
1368,age20~34,freq0
1369,age20~34,freq1
1370,age35~49,freq3~
1371,age~19,freq3~
1372,age35~49,freq0
1373,age20~34,freq3~
1374,age35~49,freq1
1375,age50~,freq1
1376,age35~49,freq0
1377,age35~49,freq0
1378,age35~49,freq1
1379,age50~,freq0
1380,age~19,freq1
1381,age50~,freq0
1382,age50~,freq0
1383,age20~34,freq0
1384,age35~49,freq1
1385,age50~,freq0
1386,age20~34,freq0
1387,age~19,freq2
1388,age~19,freq1
1389,age50~,freq0
1390,age50~,freq0
1391,age35~49,freq1
1392,age20~34,freq3~
1393,age20~34,freq3~
1394,age50~,freq1
1395,age20~34,freq0
1396,age35~49,freq1
1397,age~19,freq1
1398,age35~49,freq0
1399,age20~34,freq1
1400,age35~49,freq0
1401,age35~49,freq2
1402,age50~,freq1
1403,age35~49,freq0
1404,age20~34,freq2
1405,age20~34,freq0
1406,age35~49,freq0
1407,age20~34,freq1
1408,age35~49,freq0
1409,age35~49,freq3~
1410,age50~,freq0
1411,age50~,freq3~
1412,age20~34,freq3~
1413,age20~34,freq0
1414,age35~49,freq0
1415,age50~,freq1
1416,age50~,freq0
1417,age50~,freq0
1418,age~19,freq3~
1419,age20~34,freq0
1420,age20~34,freq1
1421,age50~,freq0
1422,age35~49,freq1
1423,age35~49,freq0
1424,age35~49,freq3~
1425,age35~49,freq0
1426,age35~49,freq2
1427,age35~49,freq1
1428,age20~34,freq0
1429,age35~49,freq3~
1430,age35~49,freq1
1431,age35~49,freq2
1432,age35~49,freq2
1433,age20~34,freq1
1434,age35~49,freq3~
1435,age~19,freq0
1436,age20~34,freq0
1437,age35~49,freq3~
1438,age20~34,freq0
1439,age50~,freq0
1440,age50~,freq0
1441,age~19,freq1
1442,age35~49,freq1
1443,age35~49,freq2
1444,age35~49,freq3~
1445,age20~34,freq3~
1446,age20~34,freq0
1447,age35~49,freq3~
1448,age50~,freq1
1449,age35~49,freq2
1450,age35~49,freq2
1451,age35~49,freq1
1452,age35~49,freq1
1453,age20~34,freq2
1454,age20~34,freq1
1455,age35~49,freq0
1456,age~19,freq0
1457,age35~49,freq3~
1458,age20~34,freq0
1459,age20~34,freq3~
1460,age20~34,freq0
1461,age35~49,freq1
1462,age50~,freq3~
1463,age35~49,freq3~
1464,age20~34,freq1
1465,age~19,freq0
1466,age~19,freq1
1467,age35~49,freq2
1468,age35~49,freq3~
1469,age20~34,freq3~
1470,age35~49,freq1
1471,age50~,freq1
1472,age50~,freq0
1473,age35~49,freq1
1474,age35~49,freq0
1475,age50~,freq3~
1476,age35~49,freq0
1477,age20~34,freq3~
1478,age50~,freq2
1479,age35~49,freq1
1480,age35~49,freq2
1481,age35~49,freq0
1482,age35~49,freq1
1483,age35~49,freq2
1484,age35~49,freq2
1485,age20~34,freq0
1486,age20~34,freq0
1487,age35~49,freq2
1488,age35~49,freq0
1489,age20~34,freq3~
1490,age20~34,freq2
1491,age35~49,freq2
1492,age50~,freq3~
1493,age35~49,freq3~
1494,age35~49,freq3~
1495,age35~49,freq1
1496,age35~49,freq3~
1497,age50~,freq3~
1498,age50~,freq0
1499,age35~49,freq0
1500,age20~34,freq0
1501,age20~34,freq2
1502,age50~,freq0
1503,age35~49,freq0
1504,age35~49,freq0
1505,age20~34,freq2
1506,age20~34,freq0
1507,age35~49,freq1
1508,age20~34,freq3~
1509,age35~49,freq0
1510,age20~34,freq3~
1511,age20~34,freq3~
1512,age35~49,freq3~
1513,age50~,freq1
1514,age35~49,freq0
1515,age20~34,freq3~
1516,age20~34,freq0
1517,age35~49,freq3~
1518,age20~34,freq1
1519,age35~49,freq0
1520,age20~34,freq2
1521,age20~34,freq3~
1522,age35~49,freq0
1523,age35~49,freq0
1524,age20~34,freq0
1525,age35~49,freq1
1526,age35~49,freq3~
1527,age50~,freq1
1528,age20~34,freq0
1529,age20~34,freq0
1530,age20~34,freq3~
1531,age50~,freq1
1532,age50~,freq2
1533,age~19,freq1
1534,age35~49,freq0
1535,age20~34,freq1
1536,age35~49,freq1
1537,age35~49,freq1
1538,age35~49,freq3~
1539,age20~34,freq1
1540,age35~49,freq1
1541,age20~34,freq1
1542,age20~34,freq1
1543,age20~34,freq3~
1544,age50~,freq0
1545,age35~49,freq3~
1546,age35~49,freq3~
1547,age50~,freq2
1548,age50~,freq0
1549,age20~34,freq1
1550,age20~34,freq0
1551,age35~49,freq0
1552,age~19,freq0
1553,age20~34,freq1
1554,age20~34,freq1
1555,age35~49,freq0
1556,age35~49,freq3~
1557,age20~34,freq1
1558,age20~34,freq1
1559,age20~34,freq2
1560,age20~34,freq0
1561,age20~34,freq0
1562,age~19,freq1
1563,age35~49,freq2
1564,age35~49,freq0
1565,age20~34,freq1
1566,age35~49,freq0
1567,age35~49,freq0
1568,age~19,freq0
1569,age50~,freq0
1570,age35~49,freq0
1571,age20~34,freq3~
1572,age~19,freq1
1573,age20~34,freq3~
1574,age35~49,freq0
1575,age35~49,freq1
1576,age35~49,freq0
1577,age~19,freq1
1578,age35~49,freq3~
1579,age20~34,freq2
1580,age50~,freq1
1581,age35~49,freq1
1582,age~19,freq3~
1583,age20~34,freq0
1584,age35~49,freq0
1585,age20~34,freq3~
1586,age50~,freq0
1587,age35~49,freq0
1588,age35~49,freq1
1589,age20~34,freq0
1590,age35~49,freq3~
1591,age35~49,freq3~
1592,age20~34,freq2
1593,age20~34,freq1
1594,age35~49,freq3~
1595,age35~49,freq3~
1596,age35~49,freq0
1597,age20~34,freq0
1598,age35~49,freq0
1599,age35~49,freq0
1600,age35~49,freq0
1601,age35~49,freq0
1602,age20~34,freq0
1603,age50~,freq0
1604,age35~49,freq0
1605,age50~,freq0
1606,age20~34,freq1
1607,age~19,freq2
1608,age50~,freq3~
1609,age35~49,freq0
1610,age35~49,freq3~
1611,age35~49,freq1
1612,age20~34,freq0
1613,age35~49,freq1
1614,age~19,freq1
1615,age50~,freq0
1616,age35~49,freq0
1617,age~19,freq1
1618,age35~49,freq0
1619,age20~34,freq3~
1620,age35~49,freq0
1621,age20~34,freq0
1622,age50~,freq0
1623,age50~,freq0
1624,age35~49,freq0
1625,age35~49,freq0
1626,age50~,freq1
1627,age35~49,freq1
1628,age35~49,freq1
1629,age20~34,freq2
1630,age50~,freq1
1631,age50~,freq2
1632,age35~49,freq0
1633,age35~49,freq3~
1634,age20~34,freq0
1635,age20~34,freq0
1636,age20~34,freq1
1637,age35~49,freq0
1638,age20~34,freq0
1639,age20~34,freq3~
1640,age50~,freq3~
1641,age20~34,freq3~
1642,age35~49,freq1
1643,age~19,freq3~
1644,age35~49,freq0
1645,age20~34,freq0
1646,age35~49,freq1
1647,age35~49,freq0
1648,age50~,freq0
1649,age20~34,freq0
1650,age20~34,freq2
1651,age50~,freq3~
1652,age~19,freq0
1653,age35~49,freq1
1654,age20~34,freq3~
1655,age35~49,freq0
1656,age35~49,freq1
1657,age20~34,freq1
1658,age35~49,freq1
1659,age35~49,freq0
1660,age~19,freq0
1661,age50~,freq3~
1662,age35~49,freq1
1663,age35~49,freq1
1664,age35~49,freq1
1665,age50~,freq1
1666,age20~34,freq3~
1667,age20~34,freq1
1668,age20~34,freq0
1669,age20~34,freq1
1670,age~19,freq0
1671,age50~,freq1
1672,age35~49,freq1
1673,age35~49,freq0
1674,age20~34,freq1
1675,age35~49,freq0
1676,age35~49,freq1
1677,age35~49,freq0
1678,age20~34,freq1
1679,age50~,freq1
1680,age50~,freq1
1681,age20~34,freq1
1682,age35~49,freq0
1683,age50~,freq0
1684,age~19,freq0
1685,age20~34,freq1
1686,age35~49,freq1
1687,age35~49,freq3~
1688,age35~49,freq0
1689,age35~49,freq1
1690,age35~49,freq0
1691,age35~49,freq3~
1692,age20~34,freq1
1693,age50~,freq3~
1694,age50~,freq1
1695,age20~34,freq0
1696,age35~49,freq0
1697,age~19,freq0
1698,age20~34,freq0
1699,age~19,freq1
1700,age50~,freq0
1701,age~19,freq1
1702,age35~49,freq0
1703,age~19,freq2
1704,age20~34,freq1
1705,age50~,freq3~
1706,age20~34,freq1
1707,age35~49,freq1
1708,age20~34,freq1
1709,age~19,freq1
1710,age35~49,freq0
1711,age35~49,freq3~
1712,age50~,freq0
1713,age20~34,freq0
1714,age35~49,freq0
1715,age20~34,freq0
1716,age20~34,freq0
1717,age20~34,freq3~
1718,age50~,freq0
1719,age20~34,freq1
1720,age35~49,freq2
1721,age50~,freq3~
1722,age35~49,freq0
1723,age35~49,freq0
1724,age35~49,freq0
1725,age50~,freq0
1726,age50~,freq1
1727,age50~,freq3~
1728,age35~49,freq3~
1729,age35~49,freq3~
1730,age20~34,freq1
1731,age35~49,freq2
1732,age35~49,freq3~
1733,age20~34,freq0
1734,age50~,freq1
1735,age20~34,freq2
1736,age20~34,freq0
1737,age35~49,freq1
1738,age50~,freq1
1739,age~19,freq1
1740,age35~49,freq3~
1741,age~19,freq2
1742,age20~34,freq1
1743,age~19,freq1
1744,age20~34,freq1
1745,age35~49,freq0
1746,age20~34,freq3~
1747,age20~34,freq0
1748,age20~34,freq2
1749,age~19,freq1
1750,age35~49,freq1
1751,age35~49,freq1
1752,age35~49,freq0
1753,age35~49,freq0
1754,age20~34,freq0
1755,age50~,freq0
1756,age20~34,freq0
1757,age35~49,freq3~
1758,age20~34,freq0
1759,age50~,freq2
1760,age50~,freq0
1761,age35~49,freq1
1762,age35~49,freq1
1763,age35~49,freq0
1764,age35~49,freq1
1765,age35~49,freq0
1766,age35~49,freq1
1767,age20~34,freq0
1768,age35~49,freq3~
1769,age50~,freq0
1770,age~19,freq1
1771,age~19,freq1
1772,age35~49,freq0
1773,age50~,freq1
1774,age~19,freq0
1775,age~19,freq0
1776,age35~49,freq0
1777,age~19,freq1
1778,age35~49,freq0
1779,age50~,freq1
1780,age50~,freq0
1781,age20~34,freq0
1782,age50~,freq0
1783,age35~49,freq1
1784,age50~,freq0
1785,age35~49,freq1
1786,age35~49,freq1
1787,age35~49,freq3~
1788,age20~34,freq0
1789,age20~34,freq1
1790,age35~49,freq0
1791,age35~49,freq0
1792,age35~49,freq0
1793,age35~49,freq2
1794,age20~34,freq0
1795,age~19,freq1
1796,age35~49,freq0
1797,age20~34,freq0
1798,age35~49,freq1
1799,age20~34,freq0
1800,age35~49,freq0
1801,age35~49,freq3~
1802,age20~34,freq1
1803,age20~34,freq3~
1804,age50~,freq1
1805,age35~49,freq0
1806,age20~34,freq0
1807,age20~34,freq0
1808,age20~34,freq0
1809,age20~34,freq0
1810,age35~49,freq3~
1811,age35~49,freq1
1812,age35~49,freq0
1813,age35~49,freq1
1814,age20~34,freq1
1815,age~19,freq2
1816,age35~49,freq1
1817,age20~34,freq0
1818,age~19,freq3~
1819,age20~34,freq0
1820,age35~49,freq0
1821,age20~34,freq1
1822,age35~49,freq2
1823,age50~,freq1
1824,age~19,freq2
1825,age35~49,freq0
1826,age35~49,freq3~
1827,age35~49,freq0
1828,age35~49,freq2
1829,age35~49,freq3~
1830,age20~34,freq1
1831,age20~34,freq1
1832,age35~49,freq0
1833,age20~34,freq0
1834,age35~49,freq0
1835,age20~34,freq1
1836,age35~49,freq2
1837,age20~34,freq3~
1838,age35~49,freq1
1839,age35~49,freq2
1840,age50~,freq1
1841,age~19,freq1
1842,age35~49,freq1
1843,age50~,freq1
1844,age35~49,freq2
1845,age35~49,freq3~
1846,age35~49,freq3~
1847,age35~49,freq2
1848,age35~49,freq3~
1849,age35~49,freq0
1850,age50~,freq0
1851,age50~,freq0
1852,age35~49,freq0
1853,age35~49,freq1
1854,age50~,freq3~
1855,age35~49,freq0
1856,age50~,freq0
1857,age20~34,freq0
1858,age50~,freq0
1859,age20~34,freq0
1860,age50~,freq1
1861,age35~49,freq0
1862,age20~34,freq0
1863,age35~49,freq1
1864,age~19,freq3~
1865,age20~34,freq3~
1866,age50~,freq1
1867,age35~49,freq1
1868,age20~34,freq3~
1869,age20~34,freq0
1870,age50~,freq3~
1871,age~19,freq0
1872,age~19,freq3~
1873,age35~49,freq1
1874,age35~49,freq0
1875,age20~34,freq0
1876,age20~34,freq0
1877,age20~34,freq0
1878,age20~34,freq1
1879,age50~,freq3~
1880,age20~34,freq0
1881,age20~34,freq0
1882,age35~49,freq0
1883,age20~34,freq1
1884,age20~34,freq0
1885,age20~34,freq0
1886,age~19,freq0
1887,age20~34,freq0
1888,age20~34,freq3~
1889,age35~49,freq1
1890,age50~,freq0
1891,age20~34,freq2
1892,age20~34,freq2
1893,age20~34,freq0
1894,age20~34,freq1
1895,age35~49,freq2
1896,age50~,freq1
1897,age20~34,freq1
1898,age~19,freq1
1899,age20~34,freq3~
1900,age20~34,freq0
1901,age~19,freq3~
1902,age20~34,freq3~
1903,age20~34,freq3~
1904,age20~34,freq0
1905,age35~49,freq1
1906,age~19,freq3~
1907,age35~49,freq3~
1908,age35~49,freq3~
1909,age20~34,freq0
1910,age35~49,freq3~
1911,age35~49,freq3~
1912,age20~34,freq3~
1913,age35~49,freq0
1914,age35~49,freq1
1915,age50~,freq1
1916,age20~34,freq3~
1917,age20~34,freq1
1918,age20~34,freq0
1919,age20~34,freq1
1920,age50~,freq3~
1921,age50~,freq1
1922,age20~34,freq0
1923,age35~49,freq1
1924,age50~,freq0
1925,age35~49,freq3~
1926,age35~49,freq0
1927,age20~34,freq0
1928,age35~49,freq1
1929,age20~34,freq2
1930,age50~,freq0
1931,age20~34,freq1
1932,age20~34,freq2
1933,age20~34,freq2
1934,age50~,freq1
1935,age35~49,freq0
1936,age50~,freq1
1937,age20~34,freq0
1938,age20~34,freq1
1939,age50~,freq3~
1940,age35~49,freq1
1941,age35~49,freq1
1942,age20~34,freq0
1943,age35~49,freq2
1944,age35~49,freq0
1945,age50~,freq0
1946,age35~49,freq3~
1947,age50~,freq0
1948,age~19,freq2
1949,age35~49,freq2
1950,age35~49,freq0
1951,age50~,freq1
1952,age35~49,freq0
1953,age~19,freq1
1954,age50~,freq1
1955,age35~49,freq1
1956,age35~49,freq2
1957,age50~,freq0
1958,age20~34,freq0
1959,age20~34,freq0
1960,age20~34,freq3~
1961,age50~,freq3~
1962,age20~34,freq1
1963,age50~,freq0
1964,age35~49,freq2
1965,age50~,freq1
1966,age35~49,freq3~
1967,age50~,freq0
1968,age35~49,freq3~
1969,age35~49,freq1
1970,age35~49,freq2
1971,age20~34,freq0
1972,age20~34,freq1
1973,age50~,freq0
1974,age50~,freq1
1975,age50~,freq0
1976,age~19,freq3~
1977,age20~34,freq1
1978,age50~,freq0
1979,age20~34,freq1
1980,age20~34,freq1
1981,age35~49,freq3~
1982,age50~,freq3~
1983,age20~34,freq3~
1984,age~19,freq3~
1985,age35~49,freq0
1986,age35~49,freq1
1987,age35~49,freq1
1988,age35~49,freq0
1989,age35~49,freq1
1990,age35~49,freq3~
1991,age20~34,freq0
1992,age35~49,freq0
1993,age20~34,freq3~
1994,age35~49,freq1
1995,age35~49,freq0
1996,age35~49,freq1
1997,age50~,freq0
1998,age50~,freq3~
1999,age20~34,freq3~
2000,age50~,freq2
2001,age35~49,freq1
2002,age20~34,freq1
2003,age50~,freq3~
2004,age35~49,freq3~
2005,age20~34,freq0
2006,age20~34,freq3~
2007,age35~49,freq0
2008,age35~49,freq0
2009,age~19,freq1
2010,age50~,freq1
2011,age20~34,freq1
2012,age50~,freq0
2013,age35~49,freq3~
2014,age50~,freq1
2015,age50~,freq0
2016,age50~,freq0
2017,age~19,freq0
2018,age20~34,freq0
2019,age~19,freq0
2020,age35~49,freq0
2021,age20~34,freq2
2022,age~19,freq0
2023,age35~49,freq0
2024,age20~34,freq0
2025,age35~49,freq0
2026,age20~34,freq3~
2027,age20~34,freq0
2028,age35~49,freq1
2029,age~19,freq0
2030,age20~34,freq0
2031,age20~34,freq0
2032,age50~,freq3~
2033,age~19,freq0
2034,age~19,freq2
2035,age50~,freq1
2036,age20~34,freq3~
2037,age50~,freq0
2038,age35~49,freq1
2039,age35~49,freq2
2040,age50~,freq1
2041,age~19,freq0
2042,age35~49,freq1
2043,age35~49,freq0
2044,age20~34,freq1
2045,age20~34,freq0
2046,age35~49,freq1
2047,age35~49,freq1
2048,age35~49,freq2
2049,age20~34,freq0
2050,age35~49,freq2
2051,age~19,freq2
2052,age35~49,freq3~
2053,age20~34,freq2
2054,age50~,freq1
2055,age35~49,freq1
2056,age35~49,freq1
2057,age20~34,freq0
2058,age50~,freq0
2059,age20~34,freq2
2060,age20~34,freq0
2061,age20~34,freq1
2062,age35~49,freq0
2063,age35~49,freq3~
2064,age50~,freq1
2065,age20~34,freq1
2066,age50~,freq1
2067,age35~49,freq0
2068,age20~34,freq1
2069,age35~49,freq0
2070,age20~34,freq1
2071,age35~49,freq3~
2072,age35~49,freq0
2073,age20~34,freq1
2074,age35~49,freq0
2075,age~19,freq0
2076,age35~49,freq0
2077,age~19,freq1
2078,age35~49,freq0
2079,age35~49,freq1
2080,age50~,freq0
2081,age35~49,freq0
2082,age20~34,freq3~
2083,age50~,freq0
2084,age35~49,freq0
2085,age35~49,freq2
2086,age50~,freq1
2087,age35~49,freq0
2088,age20~34,freq1
2089,age35~49,freq0
2090,age35~49,freq2
2091,age~19,freq3~
2092,age20~34,freq1
2093,age20~34,freq3~
2094,age50~,freq1
2095,age50~,freq3~
2096,age20~34,freq1
2097,age20~34,freq0
2098,age35~49,freq0
2099,age50~,freq1
2100,age50~,freq1
2101,age20~34,freq1
2102,age35~49,freq1
2103,age20~34,freq0
2104,age35~49,freq3~
2105,age50~,freq1
2106,age20~34,freq3~
2107,age~19,freq0
2108,age50~,freq1
2109,age20~34,freq0
2110,age35~49,freq3~
2111,age50~,freq0
2112,age20~34,freq3~
2113,age50~,freq1
2114,age~19,freq2
2115,age35~49,freq0
2116,age20~34,freq3~
2117,age35~49,freq0
2118,age20~34,freq1
2119,age35~49,freq2
2120,age50~,freq3~
2121,age35~49,freq0
2122,age35~49,freq1
2123,age~19,freq3~
2124,age20~34,freq0
2125,age50~,freq3~
2126,age20~34,freq3~
2127,age35~49,freq0
2128,age35~49,freq0
2129,age20~34,freq0
2130,age20~34,freq0
2131,age35~49,freq1
2132,age20~34,freq3~
2133,age35~49,freq0
2134,age35~49,freq1
2135,age20~34,freq0
2136,age35~49,freq0
2137,age50~,freq2
2138,age20~34,freq0
2139,age20~34,freq2
2140,age~19,freq3~
2141,age35~49,freq0
2142,age20~34,freq1
2143,age35~49,freq0
2144,age20~34,freq1
2145,age35~49,freq3~
2146,age35~49,freq0
2147,age35~49,freq0
2148,age20~34,freq3~
2149,age35~49,freq1
2150,age35~49,freq0
2151,age35~49,freq3~
2152,age35~49,freq2
2153,age50~,freq3~
2154,age35~49,freq0
2155,age20~34,freq1
2156,age20~34,freq0
2157,age50~,freq3~
2158,age35~49,freq0
2159,age20~34,freq1
2160,age50~,freq2
2161,age20~34,freq0
2162,age20~34,freq3~
2163,age35~49,freq1
2164,age20~34,freq2
2165,age20~34,freq1
2166,age35~49,freq3~
2167,age35~49,freq1
2168,age20~34,freq1
2169,age35~49,freq0
2170,age20~34,freq1
2171,age50~,freq2
2172,age35~49,freq1
2173,age35~49,freq3~
2174,age35~49,freq1
2175,age50~,freq0
2176,age50~,freq0
2177,age20~34,freq0
2178,age50~,freq0
2179,age50~,freq0
2180,age50~,freq0
2181,age50~,freq1
2182,age35~49,freq2
2183,age50~,freq3~
2184,age35~49,freq0
2185,age~19,freq0
2186,age35~49,freq3~
2187,age35~49,freq0
2188,age~19,freq0
2189,age35~49,freq1
2190,age35~49,freq1
2191,age20~34,freq1
2192,age35~49,freq3~
2193,age~19,freq3~
2194,age20~34,freq2
2195,age50~,freq3~
2196,age35~49,freq3~
2197,age35~49,freq0
2198,age20~34,freq0
2199,age20~34,freq3~
2200,age35~49,freq3~
2201,age35~49,freq3~
2202,age50~,freq0
2203,age~19,freq0
2204,age20~34,freq3~
2205,age35~49,freq0
2206,age20~34,freq2
2207,age35~49,freq1
2208,age50~,freq1
2209,age35~49,freq1
2210,age~19,freq2
2211,age35~49,freq1
2212,age20~34,freq0
2213,age35~49,freq2
2214,age35~49,freq3~
2215,age50~,freq0
2216,age35~49,freq3~
2217,age20~34,freq3~
2218,age~19,freq0
2219,age~19,freq0
2220,age35~49,freq0
2221,age50~,freq1
2222,age35~49,freq0
2223,age~19,freq0
2224,age35~49,freq3~
2225,age50~,freq1
2226,age20~34,freq0
2227,age20~34,freq0
2228,age35~49,freq2
2229,age20~34,freq3~
2230,age35~49,freq1
2231,age50~,freq1
2232,age35~49,freq3~
2233,age~19,freq3~
2234,age35~49,freq0
2235,age50~,freq2
2236,age50~,freq1
2237,age35~49,freq2
2238,age35~49,freq3~
2239,age35~49,freq0
2240,age50~,freq1
2241,age35~49,freq0
2242,age~19,freq3~
2243,age20~34,freq1
2244,age50~,freq1
2245,age20~34,freq1
2246,age20~34,freq1
2247,age35~49,freq1
2248,age20~34,freq1
2249,age20~34,freq0
2250,age35~49,freq0
2251,age~19,freq0
2252,age~19,freq3~
2253,age35~49,freq0
2254,age50~,freq0
2255,age20~34,freq2
2256,age35~49,freq2
2257,age35~49,freq0
2258,age35~49,freq2
2259,age20~34,freq0
2260,age35~49,freq1
2261,age35~49,freq0
2262,age20~34,freq0
2263,age50~,freq3~
2264,age50~,freq3~
2265,age35~49,freq1
2266,age35~49,freq0
2267,age20~34,freq3~
2268,age35~49,freq0
2269,age35~49,freq1
2270,age20~34,freq1
2271,age50~,freq3~
2272,age35~49,freq3~
2273,age20~34,freq1
2274,age20~34,freq3~
2275,age20~34,freq1
2276,age35~49,freq0
2277,age35~49,freq0
2278,age~19,freq3~
2279,age20~34,freq3~
2280,age20~34,freq3~
2281,age35~49,freq1
2282,age20~34,freq0
2283,age50~,freq0
2284,age35~49,freq3~
2285,age50~,freq0
2286,age50~,freq1
2287,age20~34,freq3~
2288,age35~49,freq2
2289,age35~49,freq3~
2290,age35~49,freq1
2291,age35~49,freq0
2292,age35~49,freq3~
2293,age20~34,freq0
2294,age~19,freq3~
2295,age~19,freq0
2296,age35~49,freq0
2297,age~19,freq0
2298,age~19,freq1
2299,age35~49,freq0
2300,age35~49,freq0
2301,age35~49,freq1
2302,age35~49,freq0
2303,age20~34,freq2
2304,age50~,freq0
2305,age35~49,freq0
2306,age50~,freq2
2307,age35~49,freq0
2308,age~19,freq1
2309,age50~,freq3~
2310,age35~49,freq1
2311,age35~49,freq3~
2312,age~19,freq0
2313,age20~34,freq2
2314,age20~34,freq0
2315,age~19,freq2
2316,age50~,freq1
2317,age35~49,freq0
2318,age35~49,freq0
2319,age35~49,freq0
2320,age50~,freq0
2321,age35~49,freq0
2322,age~19,freq1
2323,age35~49,freq3~
2324,age35~49,freq0
2325,age35~49,freq0
2326,age20~34,freq0
2327,age35~49,freq3~
2328,age35~49,freq0
2329,age~19,freq3~
2330,age35~49,freq2
2331,age35~49,freq2
2332,age50~,freq3~
2333,age50~,freq0
2334,age35~49,freq1
2335,age20~34,freq0
2336,age~19,freq0
2337,age~19,freq3~
2338,age50~,freq1
2339,age~19,freq1
2340,age50~,freq1
2341,age20~34,freq0
2342,age35~49,freq0
2343,age50~,freq3~
2344,age20~34,freq3~
2345,age50~,freq2
2346,age20~34,freq3~
2347,age35~49,freq3~
2348,age20~34,freq0
2349,age20~34,freq0
2350,age20~34,freq0
2351,age50~,freq0
2352,age~19,freq1
2353,age35~49,freq0
2354,age35~49,freq1
2355,age35~49,freq0
2356,age20~34,freq0
2357,age20~34,freq1
2358,age35~49,freq1
2359,age35~49,freq3~
2360,age35~49,freq0
2361,age50~,freq2
2362,age20~34,freq1
2363,age50~,freq2
2364,age20~34,freq2
2365,age35~49,freq2
2366,age20~34,freq3~
2367,age20~34,freq0
2368,age50~,freq3~
2369,age50~,freq0
2370,age50~,freq3~
2371,age50~,freq0
2372,age35~49,freq3~
2373,age35~49,freq1
2374,age50~,freq0
2375,age35~49,freq3~
2376,age20~34,freq0
2377,age20~34,freq3~
2378,age20~34,freq1
2379,age20~34,freq0
2380,age20~34,freq0
2381,age35~49,freq0
2382,age50~,freq2
2383,age20~34,freq3~
2384,age20~34,freq0
2385,age50~,freq0
2386,age50~,freq0
2387,age50~,freq1
2388,age20~34,freq2
2389,age35~49,freq1
2390,age35~49,freq0
2391,age~19,freq0
2392,age35~49,freq0
2393,age35~49,freq1
2394,age20~34,freq0
2395,age35~49,freq3~
2396,age35~49,freq3~
2397,age20~34,freq1
2398,age35~49,freq0
2399,age35~49,freq0
2400,age35~49,freq1
2401,age20~34,freq0
2402,age50~,freq0
2403,age20~34,freq3~
2404,age35~49,freq3~
2405,age35~49,freq0
2406,age35~49,freq1
2407,age35~49,freq0
2408,age35~49,freq2
2409,age~19,freq3~
2410,age35~49,freq2
2411,age20~34,freq1
2412,age20~34,freq0
2413,age20~34,freq1
2414,age35~49,freq1
2415,age~19,freq0
2416,age~19,freq1
2417,age35~49,freq2
2418,age50~,freq2
2419,age35~49,freq3~
2420,age50~,freq1
2421,age50~,freq0
2422,age~19,freq0
2423,age~19,freq1
2424,age35~49,freq2
2425,age20~34,freq2
2426,age35~49,freq0
2427,age50~,freq3~
2428,age~19,freq2
2429,age35~49,freq0
2430,age20~34,freq1
2431,age20~34,freq1
2432,age35~49,freq0
2433,age20~34,freq0
2434,age20~34,freq1
2435,age20~34,freq1
2436,age50~,freq1
2437,age20~34,freq3~
2438,age35~49,freq0
2439,age50~,freq3~
2440,age35~49,freq2
2441,age20~34,freq0
2442,age35~49,freq0
2443,age35~49,freq1
2444,age35~49,freq3~
2445,age35~49,freq3~
2446,age50~,freq3~
2447,age50~,freq2
2448,age35~49,freq1
2449,age~19,freq1
2450,age50~,freq1
2451,age35~49,freq2
2452,age35~49,freq1
2453,age35~49,freq0
2454,age35~49,freq3~
2455,age35~49,freq1
2456,age50~,freq0
2457,age20~34,freq1
2458,age20~34,freq0
2459,age20~34,freq0
2460,age50~,freq1
2461,age20~34,freq0
2462,age20~34,freq0
2463,age35~49,freq1
2464,age35~49,freq1
2465,age35~49,freq3~
2466,age50~,freq1
2467,age20~34,freq3~
2468,age35~49,freq0
2469,age20~34,freq1
2470,age20~34,freq3~
2471,age35~49,freq1
2472,age50~,freq1
2473,age35~49,freq3~
2474,age35~49,freq0
2475,age35~49,freq0
2476,age35~49,freq2
2477,age35~49,freq1
2478,age20~34,freq1
2479,age50~,freq3~
2480,age50~,freq0
2481,age50~,freq3~
2482,age35~49,freq0
2483,age~19,freq1
2484,age20~34,freq3~
2485,age~19,freq0
2486,age20~34,freq3~
2487,age20~34,freq0
2488,age35~49,freq1
2489,age35~49,freq0
2490,age~19,freq0
2491,age20~34,freq0
2492,age50~,freq0
2493,age50~,freq3~
2494,age35~49,freq3~
2495,age20~34,freq0
2496,age50~,freq1
2497,age20~34,freq1
2498,age50~,freq1
2499,age35~49,freq1
2500,age35~49,freq2
2501,age35~49,freq1
2502,age50~,freq3~
2503,age35~49,freq0
2504,age20~34,freq0
2505,age50~,freq1
2506,age20~34,freq3~
2507,age20~34,freq3~
2508,age20~34,freq0
2509,age35~49,freq1
2510,age35~49,freq0
2511,age35~49,freq1
2512,age20~34,freq0
2513,age20~34,freq0
2514,age35~49,freq0
2515,age~19,freq2
2516,age35~49,freq0
2517,age50~,freq3~
2518,age20~34,freq0
2519,age20~34,freq0
2520,age35~49,freq0
2521,age35~49,freq3~
2522,age50~,freq0
2523,age35~49,freq3~
2524,age35~49,freq1
2525,age20~34,freq1
2526,age35~49,freq0
2527,age20~34,freq0
2528,age20~34,freq3~
2529,age20~34,freq3~
2530,age35~49,freq1
2531,age20~34,freq1
2532,age20~34,freq1
2533,age~19,freq0
2534,age35~49,freq0
2535,age35~49,freq3~
2536,age50~,freq1
2537,age50~,freq0
2538,age50~,freq0
2539,age50~,freq0
2540,age35~49,freq2
2541,age50~,freq0
2542,age20~34,freq0
2543,age35~49,freq3~
2544,age35~49,freq0
2545,age35~49,freq1
2546,age~19,freq0
2547,age20~34,freq0
2548,age20~34,freq0
2549,age50~,freq0
2550,age20~34,freq0
2551,age50~,freq3~
2552,age20~34,freq3~
2553,age20~34,freq1
2554,age35~49,freq0
2555,age35~49,freq3~
2556,age35~49,freq2
2557,age35~49,freq3~
2558,age35~49,freq0
2559,age20~34,freq1
2560,age35~49,freq1
2561,age35~49,freq3~
2562,age35~49,freq0
2563,age50~,freq1
2564,age~19,freq3~
2565,age35~49,freq0
2566,age50~,freq1
2567,age20~34,freq0
2568,age35~49,freq1
2569,age35~49,freq0
2570,age20~34,freq0
2571,age20~34,freq2
2572,age20~34,freq0
2573,age35~49,freq0
2574,age50~,freq3~
2575,age20~34,freq3~
2576,age20~34,freq1
2577,age35~49,freq0
2578,age35~49,freq1
2579,age50~,freq3~
2580,age35~49,freq0
2581,age20~34,freq0
2582,age35~49,freq0
2583,age50~,freq0
2584,age35~49,freq1
2585,age50~,freq2
2586,age35~49,freq0
2587,age20~34,freq0
2588,age50~,freq1
2589,age20~34,freq0
2590,age50~,freq0
2591,age35~49,freq3~
2592,age20~34,freq1
2593,age35~49,freq2
2594,age50~,freq1
2595,age20~34,freq3~
2596,age35~49,freq2
2597,age35~49,freq2
2598,age20~34,freq3~
2599,age50~,freq2
2600,age35~49,freq3~
2601,age35~49,freq1
2602,age35~49,freq0
2603,age20~34,freq2
2604,age20~34,freq2
2605,age20~34,freq1
2606,age50~,freq0
2607,age20~34,freq3~
2608,age35~49,freq0
2609,age35~49,freq3~
2610,age20~34,freq3~
2611,age20~34,freq0
2612,age~19,freq1
2613,age35~49,freq1
2614,age50~,freq0
2615,age20~34,freq3~
2616,age35~49,freq3~
2617,age35~49,freq3~
2618,age35~49,freq1
2619,age20~34,freq1
2620,age20~34,freq1
2621,age20~34,freq3~
2622,age35~49,freq2
2623,age35~49,freq1
2624,age20~34,freq0
2625,age50~,freq1
2626,age35~49,freq3~
2627,age35~49,freq1
2628,age50~,freq1
2629,age35~49,freq1
2630,age20~34,freq0
2631,age35~49,freq0
2632,age20~34,freq0
2633,age35~49,freq2
2634,age35~49,freq3~
2635,age35~49,freq0
2636,age20~34,freq3~
2637,age50~,freq3~
2638,age35~49,freq0
2639,age35~49,freq1
2640,age35~49,freq3~
2641,age20~34,freq0
2642,age~19,freq2
2643,age35~49,freq0
2644,age~19,freq0
2645,age50~,freq0
2646,age35~49,freq0
2647,age35~49,freq1
2648,age35~49,freq0
2649,age20~34,freq0
2650,age50~,freq0
2651,age20~34,freq2
2652,age20~34,freq0
2653,age35~49,freq3~
2654,age~19,freq1
2655,age35~49,freq1
2656,age20~34,freq1
2657,age35~49,freq0
2658,age35~49,freq0
2659,age50~,freq1
2660,age35~49,freq0
2661,age50~,freq3~
2662,age35~49,freq0
2663,age50~,freq0
2664,age50~,freq1
2665,age20~34,freq0
2666,age35~49,freq2
2667,age35~49,freq0
2668,age35~49,freq0
2669,age20~34,freq0
2670,age50~,freq1
2671,age~19,freq0
2672,age35~49,freq1
2673,age35~49,freq0
2674,age~19,freq0
2675,age35~49,freq0
2676,age35~49,freq3~
2677,age20~34,freq1
2678,age35~49,freq3~
2679,age35~49,freq0
2680,age50~,freq1
2681,age50~,freq1
2682,age20~34,freq0
2683,age20~34,freq1
2684,age35~49,freq2
2685,age20~34,freq3~
2686,age35~49,freq3~
2687,age35~49,freq2
2688,age50~,freq0
2689,age20~34,freq1
2690,age20~34,freq0
2691,age50~,freq0
2692,age35~49,freq2
2693,age50~,freq0
2694,age35~49,freq0
2695,age35~49,freq0
2696,age50~,freq3~
2697,age35~49,freq3~
2698,age20~34,freq3~
2699,age50~,freq3~
2700,age20~34,freq2
2701,age35~49,freq3~
2702,age20~34,freq0
2703,age35~49,freq3~
2704,age20~34,freq0
2705,age20~34,freq1
2706,age50~,freq1
2707,age20~34,freq2
2708,age35~49,freq0
2709,age20~34,freq3~
2710,age50~,freq3~
2711,age50~,freq3~
2712,age~19,freq2
2713,age50~,freq0
2714,age20~34,freq2
2715,age50~,freq1
2716,age50~,freq3~
2717,age20~34,freq1
2718,age50~,freq3~
2719,age20~34,freq1
2720,age50~,freq0
2721,age50~,freq0
2722,age~19,freq0
2723,age35~49,freq3~
2724,age20~34,freq1
2725,age35~49,freq0
2726,age50~,freq0
2727,age50~,freq2
2728,age35~49,freq3~
2729,age20~34,freq1
2730,age50~,freq1
2731,age20~34,freq1
2732,age35~49,freq0
2733,age50~,freq0
2734,age20~34,freq0
2735,age50~,freq1
2736,age35~49,freq3~
2737,age35~49,freq3~
2738,age50~,freq1
2739,age35~49,freq0
2740,age35~49,freq1
2741,age20~34,freq1
2742,age50~,freq0
2743,age35~49,freq3~
2744,age35~49,freq1
2745,age~19,freq3~
2746,age20~34,freq2
2747,age20~34,freq3~
2748,age50~,freq3~
2749,age50~,freq3~
2750,age50~,freq1
2751,age35~49,freq0
2752,age35~49,freq0
2753,age50~,freq2
2754,age35~49,freq1
2755,age50~,freq1
2756,age35~49,freq0
2757,age~19,freq0
2758,age35~49,freq3~
2759,age35~49,freq1
2760,age50~,freq3~
2761,age50~,freq0
2762,age20~34,freq2
2763,age35~49,freq1
2764,age20~34,freq1
2765,age50~,freq3~
2766,age35~49,freq0
2767,age20~34,freq0
2768,age50~,freq0
2769,age~19,freq1
2770,age35~49,freq0
2771,age35~49,freq1
2772,age50~,freq3~
2773,age35~49,freq1
2774,age50~,freq0
2775,age35~49,freq0
2776,age50~,freq1
2777,age20~34,freq0
2778,age35~49,freq0
2779,age35~49,freq0
2780,age50~,freq0
2781,age50~,freq3~
2782,age35~49,freq0
2783,age35~49,freq0
2784,age50~,freq0
2785,age50~,freq3~
2786,age50~,freq3~
2787,age50~,freq0
2788,age50~,freq1
2789,age50~,freq3~
2790,age~19,freq0
2791,age35~49,freq1
2792,age35~49,freq0
2793,age50~,freq0
2794,age20~34,freq3~
2795,age20~34,freq1
2796,age50~,freq0
2797,age50~,freq0
2798,age50~,freq3~
2799,age35~49,freq2
2800,age35~49,freq0
2801,age20~34,freq2
2802,age20~34,freq1
2803,age20~34,freq3~
2804,age50~,freq0
2805,age35~49,freq1
2806,age35~49,freq3~
2807,age50~,freq0
2808,age35~49,freq1
2809,age35~49,freq3~
2810,age~19,freq3~
2811,age20~34,freq1
2812,age20~34,freq0
2813,age~19,freq1
2814,age35~49,freq0
2815,age50~,freq2
2816,age35~49,freq1
2817,age35~49,freq1
2818,age~19,freq3~
2819,age20~34,freq3~
2820,age20~34,freq1
2821,age20~34,freq0
2822,age~19,freq1
2823,age50~,freq0
2824,age50~,freq1
2825,age50~,freq1
2826,age~19,freq2
2827,age35~49,freq1
2828,age35~49,freq3~
2829,age50~,freq3~
2830,age20~34,freq0
2831,age20~34,freq1
2832,age20~34,freq1
2833,age20~34,freq0
2834,age~19,freq0
2835,age20~34,freq3~
2836,age50~,freq3~
2837,age50~,freq0
2838,age20~34,freq0
2839,age35~49,freq3~
2840,age20~34,freq0
2841,age35~49,freq0
2842,age~19,freq1
2843,age35~49,freq0
2844,age50~,freq0
2845,age35~49,freq1
2846,age50~,freq0
2847,age20~34,freq0
2848,age35~49,freq1
2849,age50~,freq0
2850,age50~,freq1
2851,age35~49,freq2
2852,age35~49,freq1
2853,age50~,freq3~
2854,age20~34,freq1
2855,age35~49,freq3~
2856,age20~34,freq0
2857,age20~34,freq3~
2858,age50~,freq1
2859,age50~,freq0
2860,age20~34,freq3~
2861,age50~,freq1
2862,age20~34,freq1
2863,age35~49,freq0
2864,age35~49,freq0
2865,age50~,freq2
2866,age35~49,freq1
2867,age35~49,freq0
2868,age35~49,freq3~
2869,age20~34,freq3~
2870,age20~34,freq0
2871,age50~,freq2
2872,age20~34,freq1
2873,age35~49,freq1
2874,age50~,freq3~
2875,age35~49,freq1
2876,age50~,freq0
2877,age50~,freq1
2878,age~19,freq1
2879,age20~34,freq3~
2880,age20~34,freq3~
2881,age50~,freq1
2882,age35~49,freq3~
2883,age50~,freq0
2884,age20~34,freq1
2885,age20~34,freq2
2886,age50~,freq3~
2887,age20~34,freq3~
2888,age50~,freq3~
2889,age35~49,freq1
2890,age35~49,freq1
2891,age50~,freq0
2892,age35~49,freq3~
2893,age35~49,freq1
2894,age50~,freq1
2895,age20~34,freq0
2896,age35~49,freq0
2897,age35~49,freq0
2898,age~19,freq1
2899,age35~49,freq0
2900,age~19,freq0
2901,age50~,freq1
2902,age~19,freq0
2903,age35~49,freq0
2904,age50~,freq0
2905,age35~49,freq1
2906,age35~49,freq0
2907,age20~34,freq0
2908,age35~49,freq1
2909,age20~34,freq1
2910,age50~,freq0
2911,age35~49,freq3~
2912,age35~49,freq1
2913,age~19,freq1
2914,age20~34,freq0
2915,age35~49,freq0
2916,age20~34,freq0
2917,age35~49,freq3~
2918,age50~,freq1
2919,age50~,freq1
2920,age20~34,freq2
2921,age35~49,freq3~
2922,age20~34,freq0
2923,age20~34,freq2
2924,age20~34,freq0
2925,age35~49,freq0
2926,age50~,freq1
2927,age50~,freq0
2928,age35~49,freq3~
2929,age20~34,freq3~
2930,age~19,freq2
2931,age50~,freq1
2932,age35~49,freq3~
2933,age50~,freq0
2934,age35~49,freq0
2935,age50~,freq1
2936,age35~49,freq1
2937,age35~49,freq2
2938,age35~49,freq0
2939,age20~34,freq3~
2940,age50~,freq0
2941,age~19,freq1
2942,age50~,freq2
2943,age35~49,freq1
2944,age50~,freq0
2945,age35~49,freq0
2946,age~19,freq1
2947,age35~49,freq3~
2948,age35~49,freq3~
2949,age35~49,freq0
2950,age~19,freq0
2951,age50~,freq1
2952,age20~34,freq3~
2953,age20~34,freq3~
2954,age~19,freq2
2955,age50~,freq0
2956,age50~,freq2
2957,age20~34,freq3~
2958,age20~34,freq0
2959,age50~,freq0
2960,age50~,freq2
2961,age35~49,freq3~
2962,age35~49,freq0
2963,age~19,freq0
2964,age20~34,freq3~
2965,age50~,freq3~
2966,age35~49,freq3~
2967,age20~34,freq3~
2968,age50~,freq0
2969,age20~34,freq0
2970,age20~34,freq0
2971,age35~49,freq3~
2972,age35~49,freq1
2973,age~19,freq3~
2974,age50~,freq2
2975,age~19,freq1
2976,age35~49,freq3~
2977,age35~49,freq3~
2978,age35~49,freq0
2979,age20~34,freq3~
2980,age50~,freq2
2981,age~19,freq2
2982,age20~34,freq1
2983,age50~,freq1
2984,age35~49,freq1
2985,age~19,freq0
2986,age~19,freq0
2987,age35~49,freq3~
2988,age20~34,freq1
2989,age35~49,freq1
2990,age~19,freq1
2991,age35~49,freq3~
2992,age20~34,freq1
2993,age50~,freq1
2994,age50~,freq2
2995,age50~,freq3~
2996,age20~34,freq0
2997,age35~49,freq0
2998,age50~,freq0
2999,age50~,freq0
3000,age35~49,freq2
3001,age20~34,freq0
3002,age~19,freq0
3003,age20~34,freq1
3004,age35~49,freq2
3005,age35~49,freq1
3006,age20~34,freq0
3007,age50~,freq0
3008,age35~49,freq3~
3009,age20~34,freq0
3010,age50~,freq0
3011,age20~34,freq2
3012,age35~49,freq0
3013,age~19,freq1
3014,age50~,freq0
3015,age~19,freq1
3016,age50~,freq0
3017,age20~34,freq3~
3018,age20~34,freq3~
3019,age~19,freq0
3020,age~19,freq3~
3021,age20~34,freq0
3022,age~19,freq3~
3023,age35~49,freq0
3024,age35~49,freq0
3025,age~19,freq0
3026,age~19,freq0
3027,age20~34,freq1
3028,age20~34,freq0
3029,age20~34,freq0
3030,age50~,freq1
3031,age20~34,freq0
3032,age~19,freq3~
3033,age35~49,freq3~
3034,age50~,freq0
3035,age35~49,freq0
3036,age20~34,freq3~
3037,age20~34,freq2
3038,age50~,freq3~
3039,age20~34,freq0
3040,age50~,freq1
3041,age50~,freq2
3042,age20~34,freq1
3043,age~19,freq1
3044,age~19,freq1
3045,age20~34,freq2
3046,age35~49,freq0
3047,age20~34,freq0
3048,age35~49,freq0
3049,age20~34,freq0
3050,age35~49,freq1
3051,age50~,freq1
3052,age~19,freq0
3053,age35~49,freq3~
3054,age20~34,freq1
3055,age20~34,freq0
3056,age35~49,freq0
3057,age50~,freq0
3058,age35~49,freq1
3059,age35~49,freq2
3060,age35~49,freq0
3061,age20~34,freq1
3062,age35~49,freq1
3063,age35~49,freq1
3064,age35~49,freq3~
3065,age50~,freq2
3066,age35~49,freq0
3067,age20~34,freq1
3068,age20~34,freq0
3069,age20~34,freq0
3070,age35~49,freq1
3071,age20~34,freq3~
3072,age20~34,freq1
3073,age20~34,freq0
3074,age20~34,freq0
3075,age20~34,freq2
3076,age35~49,freq2
3077,age35~49,freq2
3078,age35~49,freq0
3079,age20~34,freq0
3080,age20~34,freq0
3081,age~19,freq3~
3082,age35~49,freq1
3083,age35~49,freq0
3084,age50~,freq1
3085,age35~49,freq3~
3086,age20~34,freq1
3087,age35~49,freq0
3088,age20~34,freq0
3089,age35~49,freq3~
3090,age~19,freq0
3091,age35~49,freq1
3092,age20~34,freq0
3093,age50~,freq1
3094,age35~49,freq1
3095,age35~49,freq3~
3096,age35~49,freq0
3097,age20~34,freq2
3098,age35~49,freq3~
3099,age20~34,freq0
3100,age20~34,freq3~
3101,age~19,freq0
3102,age~19,freq0
3103,age20~34,freq0
3104,age35~49,freq2
3105,age35~49,freq2
3106,age35~49,freq2
3107,age35~49,freq0
3108,age20~34,freq0
3109,age20~34,freq1
3110,age20~34,freq1
3111,age35~49,freq3~
3112,age20~34,freq0
3113,age35~49,freq3~
3114,age35~49,freq3~
3115,age20~34,freq1
3116,age50~,freq1
3117,age20~34,freq1
3118,age~19,freq0
3119,age35~49,freq2
3120,age50~,freq0
3121,age20~34,freq1
3122,age35~49,freq3~
3123,age50~,freq3~
3124,age35~49,freq1
3125,age50~,freq0
3126,age~19,freq0
3127,age20~34,freq3~
3128,age20~34,freq3~
3129,age20~34,freq1
3130,age20~34,freq3~
3131,age35~49,freq0
3132,age50~,freq1
3133,age35~49,freq0
3134,age35~49,freq0
3135,age35~49,freq1
3136,age~19,freq0
3137,age50~,freq1
3138,age50~,freq2
3139,age35~49,freq0
3140,age50~,freq1
3141,age35~49,freq3~
3142,age50~,freq1
3143,age35~49,freq1
3144,age50~,freq0
3145,age35~49,freq1
3146,age20~34,freq2
3147,age50~,freq0
3148,age35~49,freq0
3149,age35~49,freq1
3150,age50~,freq0
3151,age20~34,freq1
3152,age35~49,freq3~
3153,age20~34,freq1
3154,age50~,freq1
3155,age~19,freq0
3156,age50~,freq0
3157,age50~,freq3~
3158,age35~49,freq0
3159,age35~49,freq0
3160,age20~34,freq1
3161,age50~,freq0
3162,age20~34,freq3~
3163,age20~34,freq0
3164,age20~34,freq0
3165,age50~,freq1
3166,age20~34,freq3~
3167,age50~,freq1
3168,age50~,freq0
3169,age35~49,freq0
3170,age35~49,freq1
3171,age35~49,freq0
3172,age35~49,freq1
3173,age20~34,freq1
3174,age20~34,freq2
3175,age20~34,freq1
3176,age35~49,freq1
3177,age35~49,freq0
3178,age35~49,freq3~
3179,age35~49,freq1
3180,age20~34,freq1
3181,age~19,freq0
3182,age20~34,freq0
3183,age20~34,freq0
3184,age35~49,freq1
3185,age~19,freq0
3186,age50~,freq0
3187,age35~49,freq0
3188,age35~49,freq3~
3189,age~19,freq1
3190,age20~34,freq0
3191,age50~,freq1
3192,age20~34,freq2
3193,age35~49,freq0
3194,age50~,freq3~
3195,age35~49,freq3~
3196,age35~49,freq1
3197,age20~34,freq1
3198,age35~49,freq3~
3199,age20~34,freq3~
3200,age~19,freq0
3201,age35~49,freq3~
3202,age35~49,freq3~
3203,age35~49,freq0
3204,age50~,freq2
3205,age20~34,freq3~
3206,age20~34,freq0
3207,age35~49,freq1
3208,age50~,freq2
3209,age20~34,freq2
3210,age35~49,freq1
3211,age20~34,freq3~
3212,age20~34,freq0
3213,age20~34,freq3~
3214,age20~34,freq2
3215,age35~49,freq0
3216,age~19,freq0
3217,age35~49,freq0
3218,age20~34,freq2
3219,age35~49,freq1
3220,age35~49,freq0
3221,age20~34,freq0
3222,age~19,freq0
3223,age50~,freq1
3224,age20~34,freq2
3225,age20~34,freq2
3226,age35~49,freq1
3227,age35~49,freq3~
3228,age35~49,freq1
3229,age20~34,freq3~
3230,age50~,freq3~
3231,age35~49,freq0
3232,age50~,freq1
3233,age35~49,freq1
3234,age35~49,freq0
3235,age20~34,freq3~
3236,age50~,freq3~
3237,age35~49,freq1
3238,age~19,freq1
3239,age20~34,freq1
3240,age~19,freq3~
3241,age~19,freq3~
3242,age50~,freq3~
3243,age35~49,freq0
3244,age20~34,freq1
3245,age~19,freq1
3246,age35~49,freq0
3247,age20~34,freq1
3248,age20~34,freq0
3249,age50~,freq3~
3250,age35~49,freq3~
3251,age~19,freq0
3252,age35~49,freq0
3253,age35~49,freq1
3254,age35~49,freq3~
3255,age35~49,freq1
3256,age20~34,freq3~
3257,age35~49,freq0
3258,age50~,freq3~
3259,age20~34,freq1
3260,age35~49,freq1
3261,age35~49,freq3~
3262,age50~,freq0
3263,age35~49,freq1
3264,age20~34,freq1
3265,age35~49,freq2
3266,age35~49,freq1
3267,age35~49,freq0
3268,age20~34,freq1
3269,age20~34,freq0
3270,age~19,freq1
3271,age20~34,freq1
3272,age20~34,freq3~
3273,age35~49,freq1
3274,age50~,freq1
3275,age20~34,freq0
3276,age35~49,freq0
3277,age35~49,freq3~
3278,age20~34,freq0
3279,age20~34,freq3~
3280,age50~,freq3~
3281,age20~34,freq0
3282,age~19,freq3~
3283,age35~49,freq1
3284,age35~49,freq0
3285,age50~,freq3~
3286,age20~34,freq0
3287,age35~49,freq3~
3288,age20~34,freq0
3289,age50~,freq0
3290,age50~,freq1
3291,age35~49,freq2
3292,age~19,freq1
3293,age50~,freq0
3294,age~19,freq0
3295,age~19,freq2
3296,age~19,freq0
3297,age35~49,freq0
3298,age20~34,freq1
3299,age35~49,freq0
3300,age35~49,freq3~
3301,age20~34,freq3~
3302,age50~,freq1
3303,age35~49,freq0
3304,age35~49,freq1
3305,age20~34,freq0
3306,age20~34,freq0
3307,age35~49,freq1
3308,age~19,freq3~
3309,age20~34,freq0
3310,age35~49,freq2
3311,age35~49,freq1
3312,age20~34,freq0
3313,age~19,freq0
3314,age20~34,freq1
3315,age20~34,freq3~
3316,age35~49,freq1
3317,age35~49,freq0
3318,age~19,freq0
3319,age20~34,freq1
3320,age20~34,freq3~
3321,age35~49,freq3~
3322,age35~49,freq1
3323,age20~34,freq2
3324,age20~34,freq1
3325,age35~49,freq0
3326,age35~49,freq0
3327,age35~49,freq0
3328,age~19,freq1
3329,age35~49,freq1
3330,age50~,freq3~
3331,age35~49,freq0
3332,age35~49,freq2
3333,age35~49,freq1
3334,age35~49,freq0
3335,age20~34,freq0
3336,age20~34,freq1
3337,age20~34,freq0
3338,age20~34,freq0
3339,age50~,freq1
3340,age20~34,freq0
3341,age35~49,freq3~
3342,age20~34,freq0
3343,age50~,freq0
3344,age35~49,freq0
3345,age35~49,freq0
3346,age35~49,freq3~
3347,age35~49,freq0
3348,age35~49,freq0
3349,age35~49,freq0
3350,age20~34,freq1
3351,age35~49,freq0
3352,age20~34,freq0
3353,age20~34,freq1
3354,age20~34,freq1
3355,age20~34,freq0
3356,age20~34,freq3~
3357,age35~49,freq2
3358,age35~49,freq3~
3359,age35~49,freq0
3360,age35~49,freq1
3361,age20~34,freq0
3362,age35~49,freq0
3363,age35~49,freq0
3364,age20~34,freq1
3365,age35~49,freq0
3366,age35~49,freq0
3367,age~19,freq2
3368,age35~49,freq1
3369,age~19,freq2
3370,age35~49,freq1
3371,age50~,freq0
3372,age20~34,freq2
3373,age35~49,freq1
3374,age20~34,freq1
3375,age50~,freq1
3376,age50~,freq0
3377,age35~49,freq2
3378,age35~49,freq0
3379,age35~49,freq2
3380,age~19,freq0
3381,age35~49,freq0
3382,age20~34,freq0
3383,age50~,freq3~
3384,age~19,freq0
3385,age35~49,freq1
3386,age~19,freq1
3387,age20~34,freq1
3388,age20~34,freq2
3389,age35~49,freq3~
3390,age20~34,freq0
3391,age~19,freq3~
3392,age20~34,freq2
3393,age20~34,freq1
3394,age35~49,freq1
3395,age35~49,freq0
3396,age35~49,freq0
3397,age35~49,freq2
3398,age50~,freq3~
3399,age35~49,freq1
3400,age35~49,freq0
3401,age35~49,freq3~
3402,age35~49,freq0
3403,age50~,freq1
3404,age35~49,freq1
3405,age35~49,freq1
3406,age50~,freq3~
3407,age~19,freq0
3408,age35~49,freq0
3409,age20~34,freq1
3410,age50~,freq1
3411,age35~49,freq0
3412,age35~49,freq1
3413,age50~,freq3~
3414,age35~49,freq0
3415,age20~34,freq2
3416,age20~34,freq0
3417,age20~34,freq1
3418,age50~,freq0
3419,age35~49,freq1
3420,age35~49,freq1
3421,age20~34,freq0
3422,age35~49,freq0
3423,age35~49,freq0
3424,age35~49,freq0
3425,age35~49,freq2
3426,age50~,freq3~
3427,age35~49,freq0
3428,age~19,freq0
3429,age35~49,freq0
3430,age35~49,freq3~
3431,age~19,freq0
3432,age35~49,freq0
3433,age50~,freq1
3434,age~19,freq1
3435,age35~49,freq1
3436,age35~49,freq0
3437,age35~49,freq0
3438,age20~34,freq0
3439,age20~34,freq1
3440,age35~49,freq2
3441,age35~49,freq0
3442,age35~49,freq1
3443,age20~34,freq3~
3444,age35~49,freq3~
3445,age50~,freq2
3446,age35~49,freq3~
3447,age35~49,freq1
3448,age50~,freq2
3449,age35~49,freq0
3450,age35~49,freq3~
3451,age35~49,freq1
3452,age35~49,freq1
3453,age35~49,freq3~
3454,age20~34,freq2
3455,age35~49,freq3~
3456,age50~,freq0
3457,age~19,freq1
3458,age35~49,freq2
3459,age35~49,freq2
3460,age~19,freq0
3461,age35~49,freq3~
3462,age20~34,freq1
3463,age20~34,freq1
3464,age35~49,freq0
3465,age20~34,freq0
3466,age20~34,freq0
3467,age35~49,freq2
3468,age~19,freq0
3469,age35~49,freq2
3470,age~19,freq1
3471,age20~34,freq0
3472,age20~34,freq3~
3473,age~19,freq3~
3474,age20~34,freq1
3475,age50~,freq1
3476,age20~34,freq0
3477,age50~,freq0
3478,age35~49,freq1
3479,age20~34,freq1
3480,age35~49,freq3~
3481,age50~,freq1
3482,age50~,freq0
3483,age35~49,freq2
3484,age50~,freq1
3485,age35~49,freq0
3486,age35~49,freq3~
3487,age~19,freq2
3488,age~19,freq0
3489,age20~34,freq3~
3490,age20~34,freq1
3491,age50~,freq2
3492,age50~,freq0
3493,age35~49,freq3~
3494,age20~34,freq1
3495,age50~,freq1
3496,age35~49,freq3~
3497,age35~49,freq1
3498,age~19,freq1
3499,age35~49,freq0
3500,age20~34,freq0
3501,age35~49,freq1
3502,age20~34,freq1
3503,age35~49,freq0
3504,age20~34,freq1
3505,age50~,freq1
3506,age50~,freq3~
3507,age~19,freq0
3508,age50~,freq3~
3509,age~19,freq2
3510,age35~49,freq0
3511,age20~34,freq0
3512,age20~34,freq3~
3513,age35~49,freq2
3514,age35~49,freq0
3515,age50~,freq0
3516,age20~34,freq3~
3517,age35~49,freq1
3518,age20~34,freq2
3519,age20~34,freq0
3520,age35~49,freq2
3521,age35~49,freq0
3522,age20~34,freq0
3523,age35~49,freq1
3524,age20~34,freq0
3525,age35~49,freq1
3526,age~19,freq3~
3527,age50~,freq3~
3528,age50~,freq1
3529,age20~34,freq0
3530,age35~49,freq0
3531,age~19,freq3~
3532,age35~49,freq0
3533,age50~,freq1
3534,age35~49,freq0
3535,age20~34,freq0
3536,age20~34,freq1
3537,age35~49,freq0
3538,age20~34,freq0
3539,age50~,freq3~
3540,age~19,freq3~
3541,age20~34,freq0
3542,age20~34,freq1
3543,age20~34,freq1
3544,age20~34,freq3~
3545,age20~34,freq1
3546,age20~34,freq3~
3547,age35~49,freq0
3548,age35~49,freq0
3549,age35~49,freq1
3550,age20~34,freq0
3551,age35~49,freq3~
3552,age35~49,freq1
3553,age20~34,freq1
3554,age20~34,freq0
3555,age50~,freq3~
3556,age50~,freq0
3557,age50~,freq3~
3558,age50~,freq1
3559,age50~,freq1
3560,age20~34,freq1
3561,age35~49,freq0
3562,age50~,freq3~
3563,age20~34,freq0
3564,age~19,freq1
3565,age35~49,freq3~
3566,age50~,freq3~
3567,age35~49,freq3~
3568,age20~34,freq3~
3569,age35~49,freq1
3570,age50~,freq1
3571,age20~34,freq0
3572,age50~,freq3~
3573,age50~,freq1
3574,age~19,freq1
3575,age20~34,freq1
3576,age50~,freq3~
3577,age35~49,freq1
3578,age20~34,freq0
3579,age35~49,freq0
3580,age20~34,freq0
3581,age~19,freq0
3582,age35~49,freq3~
3583,age50~,freq0
3584,age35~49,freq3~
3585,age20~34,freq3~
3586,age20~34,freq0
3587,age35~49,freq2
3588,age35~49,freq0
3589,age50~,freq0
3590,age35~49,freq3~
3591,age35~49,freq1
3592,age35~49,freq1
3593,age35~49,freq1
3594,age20~34,freq1
3595,age20~34,freq0
3596,age20~34,freq1
3597,age50~,freq0
3598,age35~49,freq1
3599,age20~34,freq2
3600,age20~34,freq0
3601,age~19,freq1
3602,age50~,freq2
3603,age20~34,freq2
3604,age50~,freq2
3605,age~19,freq2
3606,age35~49,freq2
3607,age35~49,freq0
3608,age20~34,freq2
3609,age20~34,freq3~
3610,age35~49,freq1
3611,age20~34,freq0
3612,age20~34,freq1
3613,age35~49,freq1
3614,age35~49,freq1
3615,age20~34,freq1
3616,age35~49,freq2
3617,age35~49,freq3~
3618,age50~,freq3~
3619,age20~34,freq0
3620,age20~34,freq0
3621,age20~34,freq1
3622,age35~49,freq3~
3623,age35~49,freq0
3624,age35~49,freq1
3625,age35~49,freq0
3626,age35~49,freq3~
3627,age35~49,freq0
3628,age50~,freq0
3629,age~19,freq1
3630,age50~,freq2
3631,age50~,freq3~
3632,age20~34,freq0
3633,age20~34,freq0
3634,age~19,freq0
3635,age35~49,freq0
3636,age35~49,freq1
3637,age35~49,freq0
3638,age20~34,freq1
3639,age35~49,freq0
3640,age35~49,freq2
3641,age20~34,freq0
3642,age20~34,freq0
3643,age50~,freq0
3644,age35~49,freq1
3645,age20~34,freq2
3646,age35~49,freq1
3647,age50~,freq3~
3648,age50~,freq3~
3649,age50~,freq0
3650,age50~,freq0
3651,age35~49,freq1
3652,age35~49,freq0
3653,age50~,freq0
3654,age35~49,freq3~
3655,age20~34,freq0
3656,age35~49,freq1
3657,age50~,freq1
3658,age35~49,freq1
3659,age~19,freq0
3660,age35~49,freq3~
3661,age35~49,freq3~
3662,age~19,freq3~
3663,age20~34,freq3~
3664,age20~34,freq3~
3665,age20~34,freq0
3666,age20~34,freq1
3667,age20~34,freq3~
3668,age~19,freq0
3669,age35~49,freq0
3670,age20~34,freq3~
3671,age~19,freq1
3672,age20~34,freq0
3673,age20~34,freq0
3674,age50~,freq0
3675,age20~34,freq0
3676,age~19,freq0
3677,age~19,freq2
3678,age20~34,freq0
3679,age35~49,freq1
3680,age35~49,freq1
3681,age~19,freq1
3682,age~19,freq1
3683,age20~34,freq3~
3684,age20~34,freq2
3685,age50~,freq1
3686,age35~49,freq1
3687,age20~34,freq3~
3688,age20~34,freq1
3689,age35~49,freq2
3690,age35~49,freq0
3691,age20~34,freq0
3692,age35~49,freq1
3693,age20~34,freq0
3694,age35~49,freq1
3695,age35~49,freq1
3696,age35~49,freq1
3697,age50~,freq1
3698,age50~,freq1
3699,age20~34,freq0
3700,age20~34,freq1
3701,age20~34,freq2
3702,age35~49,freq1
3703,age50~,freq0
3704,age35~49,freq3~
3705,age35~49,freq1
3706,age20~34,freq1
3707,age20~34,freq1
3708,age35~49,freq0
3709,age35~49,freq3~
3710,age35~49,freq0
3711,age20~34,freq0
3712,age50~,freq0
3713,age35~49,freq0
3714,age35~49,freq0
3715,age35~49,freq0
3716,age35~49,freq3~
3717,age50~,freq0
3718,age50~,freq1
3719,age50~,freq1
3720,age35~49,freq0
3721,age20~34,freq3~
3722,age~19,freq0
3723,age35~49,freq3~
3724,age35~49,freq0
3725,age20~34,freq0
3726,age35~49,freq1
3727,age35~49,freq0
3728,age35~49,freq3~
3729,age35~49,freq2
3730,age~19,freq1
3731,age20~34,freq1
3732,age20~34,freq3~
3733,age50~,freq1
3734,age20~34,freq0
3735,age35~49,freq3~
3736,age~19,freq1
3737,age35~49,freq0
3738,age50~,freq3~
3739,age20~34,freq0
3740,age50~,freq0
3741,age~19,freq0
3742,age35~49,freq0
3743,age~19,freq0
3744,age50~,freq1
3745,age~19,freq2
3746,age50~,freq3~
3747,age~19,freq3~
3748,age20~34,freq2
3749,age35~49,freq0
3750,age20~34,freq0
3751,age20~34,freq1
3752,age20~34,freq2
3753,age~19,freq3~
3754,age35~49,freq3~
3755,age20~34,freq1
3756,age35~49,freq0
3757,age20~34,freq2
3758,age20~34,freq2
3759,age20~34,freq0
3760,age50~,freq3~
3761,age35~49,freq2
3762,age35~49,freq0
3763,age50~,freq0
3764,age50~,freq0
3765,age20~34,freq0
3766,age20~34,freq3~
3767,age35~49,freq3~
3768,age20~34,freq1
3769,age20~34,freq3~
3770,age35~49,freq0
3771,age20~34,freq2
3772,age50~,freq1
3773,age20~34,freq1
3774,age35~49,freq1
3775,age~19,freq1
3776,age35~49,freq3~
3777,age50~,freq0
3778,age~19,freq0
3779,age20~34,freq0
3780,age35~49,freq2
3781,age20~34,freq3~
3782,age50~,freq3~
3783,age50~,freq0
3784,age35~49,freq1
3785,age20~34,freq3~
3786,age20~34,freq2
3787,age35~49,freq2
3788,age20~34,freq0
3789,age35~49,freq0
3790,age50~,freq0
3791,age20~34,freq2
3792,age35~49,freq1
3793,age50~,freq0
3794,age20~34,freq3~
3795,age35~49,freq1
3796,age35~49,freq1
3797,age~19,freq0
3798,age~19,freq1
3799,age20~34,freq0
3800,age20~34,freq1
3801,age~19,freq1
3802,age50~,freq1
3803,age20~34,freq1
3804,age35~49,freq1
3805,age20~34,freq3~
3806,age~19,freq0
3807,age35~49,freq0
3808,age35~49,freq0
3809,age20~34,freq2
3810,age20~34,freq0
3811,age50~,freq0
3812,age35~49,freq0
3813,age20~34,freq3~
3814,age20~34,freq3~
3815,age20~34,freq1
3816,age35~49,freq3~
3817,age35~49,freq1
3818,age~19,freq2
3819,age50~,freq0
3820,age20~34,freq1
3821,age50~,freq1
3822,age20~34,freq0
3823,age35~49,freq1
3824,age20~34,freq0
3825,age35~49,freq0
3826,age20~34,freq1
3827,age35~49,freq0
3828,age~19,freq2
3829,age~19,freq2
3830,age35~49,freq0
3831,age35~49,freq1
3832,age50~,freq1
3833,age35~49,freq0
3834,age20~34,freq0
3835,age50~,freq1
3836,age35~49,freq1
3837,age35~49,freq1
3838,age20~34,freq1
3839,age35~49,freq1
3840,age20~34,freq1
3841,age20~34,freq1
3842,age35~49,freq1
3843,age20~34,freq1
3844,age35~49,freq0
3845,age50~,freq3~
3846,age35~49,freq0
3847,age35~49,freq1
3848,age35~49,freq0
3849,age35~49,freq3~
3850,age20~34,freq0
3851,age50~,freq0
3852,age20~34,freq3~
3853,age35~49,freq0
3854,age20~34,freq0
3855,age35~49,freq1
3856,age35~49,freq1
3857,age35~49,freq0
3858,age50~,freq0
3859,age35~49,freq3~
3860,age20~34,freq1
3861,age35~49,freq2
3862,age35~49,freq1
3863,age20~34,freq1
3864,age50~,freq1
3865,age20~34,freq3~
3866,age50~,freq1
3867,age20~34,freq0
3868,age20~34,freq0
3869,age~19,freq0
3870,age35~49,freq1
3871,age50~,freq1
3872,age35~49,freq3~
3873,age35~49,freq1
3874,age~19,freq1
3875,age50~,freq0
3876,age35~49,freq0
3877,age35~49,freq1
3878,age50~,freq0
3879,age20~34,freq1
3880,age35~49,freq3~
3881,age20~34,freq0
3882,age20~34,freq2
3883,age50~,freq3~
3884,age35~49,freq0
3885,age35~49,freq0
3886,age~19,freq0
3887,age50~,freq3~
3888,age50~,freq1
3889,age20~34,freq3~
3890,age~19,freq0
3891,age50~,freq1
3892,age50~,freq0
3893,age35~49,freq2
3894,age20~34,freq0
3895,age35~49,freq3~
3896,age20~34,freq1
3897,age35~49,freq3~
3898,age20~34,freq1
3899,age20~34,freq0
3900,age35~49,freq1
3901,age20~34,freq0
3902,age35~49,freq0
3903,age20~34,freq1
3904,age35~49,freq3~
3905,age35~49,freq3~
3906,age20~34,freq3~
3907,age35~49,freq3~
3908,age35~49,freq0
3909,age35~49,freq0
3910,age35~49,freq0
3911,age50~,freq0
3912,age35~49,freq3~
3913,age50~,freq0
3914,age~19,freq0
3915,age50~,freq1
3916,age20~34,freq0
3917,age35~49,freq3~
3918,age35~49,freq2
3919,age~19,freq3~
3920,age35~49,freq1
3921,age35~49,freq2
3922,age50~,freq0
3923,age20~34,freq0
3924,age20~34,freq3~
3925,age50~,freq3~
3926,age50~,freq3~
3927,age50~,freq3~
3928,age35~49,freq0
3929,age35~49,freq0
3930,age35~49,freq1
3931,age35~49,freq0
3932,age35~49,freq3~
3933,age50~,freq0
3934,age35~49,freq0
3935,age35~49,freq0
3936,age35~49,freq2
3937,age35~49,freq3~
3938,age50~,freq2
3939,age20~34,freq3~
3940,age50~,freq0
3941,age20~34,freq3~
3942,age20~34,freq0
3943,age50~,freq1
3944,age35~49,freq1
3945,age50~,freq0
3946,age20~34,freq0
3947,age35~49,freq0
3948,age35~49,freq1
3949,age20~34,freq3~
3950,age35~49,freq1
3951,age20~34,freq0
3952,age50~,freq1
3953,age35~49,freq1
3954,age35~49,freq0
3955,age35~49,freq0
3956,age35~49,freq0
3957,age35~49,freq3~
3958,age~19,freq0
3959,age35~49,freq3~
3960,age35~49,freq2
3961,age20~34,freq1
3962,age20~34,freq0
3963,age~19,freq3~
3964,age35~49,freq3~
3965,age50~,freq3~
3966,age~19,freq1
3967,age20~34,freq2
3968,age20~34,freq0
3969,age50~,freq2
3970,age50~,freq0
3971,age50~,freq0
3972,age35~49,freq0
3973,age35~49,freq0
3974,age50~,freq2
3975,age20~34,freq0
3976,age35~49,freq3~
3977,age20~34,freq3~
3978,age20~34,freq3~
3979,age35~49,freq1
3980,age20~34,freq3~
3981,age50~,freq0
3982,age35~49,freq3~
3983,age35~49,freq1
3984,age~19,freq1
3985,age50~,freq1
3986,age35~49,freq0
3987,age35~49,freq1
3988,age35~49,freq2
3989,age35~49,freq1
3990,age20~34,freq2
3991,age35~49,freq3~
3992,age35~49,freq3~
3993,age20~34,freq1
3994,age20~34,freq3~
3995,age35~49,freq1
3996,age35~49,freq3~
3997,age35~49,freq0
3998,age20~34,freq3~
3999,age35~49,freq3~
4000,age20~34,freq0
4001,age20~34,freq1
4002,age35~49,freq0
4003,age20~34,freq0
4004,age20~34,freq0
4005,age35~49,freq1
4006,age35~49,freq0
4007,age35~49,freq0
4008,age20~34,freq0
4009,age35~49,freq3~
4010,age50~,freq0
4011,age35~49,freq0
4012,age20~34,freq3~
4013,age20~34,freq3~
4014,age35~49,freq1
4015,age20~34,freq0
4016,age20~34,freq0
4017,age35~49,freq0
4018,age35~49,freq2
4019,age35~49,freq0
4020,age35~49,freq1
4021,age35~49,freq0
4022,age35~49,freq0
4023,age35~49,freq0
4024,age~19,freq0
4025,age35~49,freq0
4026,age35~49,freq0
4027,age20~34,freq0
4028,age20~34,freq0
4029,age35~49,freq3~
4030,age20~34,freq1
4031,age35~49,freq0
4032,age35~49,freq0
4033,age~19,freq2
4034,age20~34,freq2
4035,age~19,freq0
4036,age35~49,freq3~
4037,age20~34,freq0
4038,age50~,freq0
4039,age35~49,freq0
4040,age35~49,freq1
4041,age20~34,freq0
4042,age35~49,freq0
4043,age~19,freq1
4044,age35~49,freq2
4045,age20~34,freq1
4046,age20~34,freq0
4047,age~19,freq0
4048,age20~34,freq0
4049,age35~49,freq2
4050,age20~34,freq3~
4051,age35~49,freq1
4052,age35~49,freq0
4053,age~19,freq1
4054,age20~34,freq1
4055,age35~49,freq1
4056,age35~49,freq3~
4057,age20~34,freq2
4058,age20~34,freq2
4059,age35~49,freq2
4060,age50~,freq0
4061,age20~34,freq1
4062,age35~49,freq1
4063,age~19,freq1
4064,age35~49,freq0
4065,age~19,freq3~
4066,age20~34,freq1
4067,age20~34,freq3~
4068,age35~49,freq1
4069,age35~49,freq2
4070,age20~34,freq3~
4071,age20~34,freq1
4072,age35~49,freq0
4073,age35~49,freq1
4074,age35~49,freq3~
4075,age35~49,freq1
4076,age20~34,freq3~
4077,age20~34,freq1
4078,age20~34,freq1
4079,age35~49,freq2
4080,age20~34,freq3~
4081,age50~,freq0
4082,age35~49,freq3~
4083,age20~34,freq0
4084,age35~49,freq0
4085,age50~,freq0
4086,age~19,freq1
4087,age35~49,freq2
4088,age50~,freq0
4089,age35~49,freq0
4090,age20~34,freq2
4091,age50~,freq1
4092,age35~49,freq3~
4093,age35~49,freq0
4094,age35~49,freq2
4095,age35~49,freq0
4096,age35~49,freq1
4097,age20~34,freq0
4098,age~19,freq0
4099,age35~49,freq0
4100,age50~,freq1
4101,age35~49,freq0
4102,age35~49,freq2
4103,age20~34,freq1
4104,age20~34,freq3~
4105,age50~,freq0
4106,age50~,freq0
4107,age20~34,freq1
4108,age35~49,freq0
4109,age35~49,freq0
4110,age35~49,freq1
4111,age35~49,freq0
4112,age20~34,freq1
4113,age20~34,freq1
4114,age~19,freq1
4115,age35~49,freq3~
4116,age35~49,freq3~
4117,age35~49,freq3~
4118,age35~49,freq0
4119,age50~,freq3~
4120,age35~49,freq1
4121,age50~,freq1
4122,age20~34,freq1
4123,age50~,freq1
4124,age50~,freq0
4125,age20~34,freq2
4126,age35~49,freq1
4127,age20~34,freq1
4128,age50~,freq0
4129,age35~49,freq0
4130,age20~34,freq0
4131,age20~34,freq0
4132,age20~34,freq1
4133,age20~34,freq0
4134,age35~49,freq2
4135,age20~34,freq0
4136,age35~49,freq3~
4137,age35~49,freq2
4138,age50~,freq1
4139,age50~,freq0
4140,age20~34,freq0
4141,age20~34,freq0
4142,age35~49,freq0
4143,age35~49,freq0
4144,age50~,freq2
4145,age20~34,freq3~
4146,age35~49,freq2
4147,age20~34,freq0
4148,age20~34,freq3~
4149,age20~34,freq1
4150,age20~34,freq1
4151,age35~49,freq0
4152,age50~,freq3~
4153,age50~,freq2
4154,age35~49,freq2
4155,age20~34,freq1
4156,age~19,freq1
4157,age35~49,freq3~
4158,age50~,freq0
4159,age35~49,freq3~
4160,age20~34,freq1
4161,age35~49,freq1
4162,age20~34,freq0
4163,age20~34,freq1
4164,age35~49,freq0
4165,age35~49,freq0
4166,age~19,freq1
4167,age20~34,freq1
4168,age20~34,freq1
4169,age35~49,freq1
4170,age35~49,freq3~
4171,age35~49,freq0
4172,age~19,freq0
4173,age50~,freq3~
4174,age35~49,freq0
4175,age35~49,freq0
4176,age20~34,freq1
4177,age35~49,freq3~
4178,age35~49,freq2
4179,age~19,freq0
4180,age20~34,freq1
4181,age35~49,freq1
4182,age35~49,freq0
4183,age20~34,freq1
4184,age50~,freq3~
4185,age20~34,freq0
4186,age20~34,freq0
4187,age~19,freq3~
4188,age35~49,freq0
4189,age20~34,freq0
4190,age50~,freq1
4191,age35~49,freq1
4192,age20~34,freq1
4193,age50~,freq3~
4194,age20~34,freq0
4195,age20~34,freq0
4196,age50~,freq3~
4197,age35~49,freq1
4198,age35~49,freq0
4199,age50~,freq2
4200,age20~34,freq0
4201,age50~,freq1
4202,age20~34,freq3~
4203,age50~,freq1
4204,age20~34,freq3~
4205,age35~49,freq0
4206,age35~49,freq2
4207,age20~34,freq0
4208,age50~,freq1
4209,age20~34,freq2
4210,age35~49,freq0
4211,age35~49,freq0
4212,age50~,freq0
4213,age35~49,freq3~
4214,age20~34,freq2
4215,age35~49,freq0
4216,age50~,freq1
4217,age35~49,freq0
4218,age20~34,freq1
4219,age50~,freq0
4220,age35~49,freq0
4221,age35~49,freq1
4222,age20~34,freq0
4223,age20~34,freq3~
4224,age50~,freq1
4225,age50~,freq0
4226,age~19,freq3~
4227,age~19,freq1
4228,age20~34,freq0
4229,age35~49,freq0
4230,age50~,freq3~
4231,age~19,freq3~
4232,age35~49,freq0
4233,age~19,freq3~
4234,age50~,freq2
4235,age20~34,freq1
4236,age20~34,freq0
4237,age35~49,freq3~
4238,age50~,freq1
4239,age50~,freq0
4240,age50~,freq3~
4241,age20~34,freq1
4242,age20~34,freq0
4243,age20~34,freq2
4244,age35~49,freq0
4245,age35~49,freq3~
4246,age50~,freq3~
4247,age20~34,freq3~
4248,age35~49,freq0
4249,age20~34,freq1
4250,age20~34,freq1
4251,age50~,freq3~
4252,age20~34,freq2
4253,age20~34,freq0
4254,age35~49,freq2
4255,age35~49,freq1
4256,age50~,freq3~
4257,age20~34,freq0
4258,age50~,freq3~
4259,age35~49,freq0
4260,age50~,freq3~
4261,age20~34,freq0
4262,age35~49,freq3~
4263,age35~49,freq3~
4264,age35~49,freq0
4265,age35~49,freq1
4266,age50~,freq0
4267,age50~,freq3~
4268,age~19,freq1
4269,age50~,freq3~
4270,age35~49,freq3~
4271,age50~,freq3~
4272,age~19,freq1
4273,age50~,freq1
4274,age35~49,freq2
4275,age35~49,freq3~
4276,age35~49,freq3~
4277,age20~34,freq0
4278,age~19,freq3~
4279,age20~34,freq0
4280,age35~49,freq0
4281,age35~49,freq0
4282,age35~49,freq3~
4283,age35~49,freq1
4284,age35~49,freq0
4285,age50~,freq0
4286,age20~34,freq1
4287,age20~34,freq3~
4288,age20~34,freq0
4289,age20~34,freq0
4290,age50~,freq2
4291,age20~34,freq0
4292,age~19,freq1
4293,age35~49,freq0
4294,age50~,freq0
4295,age50~,freq2
4296,age~19,freq1
4297,age50~,freq0
4298,age35~49,freq3~
4299,age20~34,freq0
4300,age35~49,freq0
4301,age20~34,freq1
4302,age35~49,freq0
4303,age50~,freq0
4304,age50~,freq2
4305,age50~,freq0
4306,age50~,freq0
4307,age35~49,freq0
4308,age35~49,freq0
4309,age20~34,freq3~
4310,age50~,freq0
4311,age50~,freq1
4312,age20~34,freq3~
4313,age20~34,freq1
4314,age20~34,freq0
4315,age50~,freq1
4316,age50~,freq3~
4317,age50~,freq1
4318,age50~,freq2
4319,age~19,freq0
4320,age35~49,freq1
4321,age35~49,freq1
4322,age35~49,freq1
4323,age~19,freq3~
4324,age~19,freq0
4325,age20~34,freq3~
4326,age50~,freq3~
4327,age35~49,freq0
4328,age50~,freq0
4329,age35~49,freq0
4330,age50~,freq0
4331,age50~,freq3~
4332,age35~49,freq1
4333,age50~,freq1
4334,age~19,freq1
4335,age~19,freq3~
4336,age35~49,freq0
4337,age20~34,freq1
4338,age20~34,freq1
4339,age20~34,freq0
4340,age20~34,freq2
4341,age35~49,freq2
4342,age50~,freq0
4343,age35~49,freq1
4344,age35~49,freq1
4345,age50~,freq0
4346,age35~49,freq2
4347,age20~34,freq3~
4348,age35~49,freq1
4349,age50~,freq0
4350,age35~49,freq0
4351,age50~,freq0
4352,age20~34,freq3~
4353,age50~,freq0
4354,age35~49,freq1
4355,age20~34,freq0
4356,age~19,freq1
4357,age35~49,freq1
4358,age20~34,freq1
4359,age35~49,freq0
4360,age20~34,freq0
4361,age20~34,freq1
4362,age35~49,freq0
4363,age35~49,freq0
4364,age20~34,freq3~
4365,age50~,freq1
4366,age~19,freq3~
4367,age35~49,freq1
4368,age35~49,freq1
4369,age20~34,freq0
4370,age35~49,freq1
4371,age20~34,freq0
4372,age35~49,freq1
4373,age~19,freq3~
4374,age20~34,freq0
4375,age35~49,freq0
4376,age~19,freq0
4377,age20~34,freq0
4378,age35~49,freq1
4379,age50~,freq0
4380,age35~49,freq0
4381,age35~49,freq0
4382,age35~49,freq3~
4383,age35~49,freq1
4384,age35~49,freq3~
4385,age35~49,freq1
4386,age~19,freq1
4387,age35~49,freq0
4388,age35~49,freq1
4389,age50~,freq3~
4390,age20~34,freq3~
4391,age20~34,freq0
4392,age35~49,freq1
4393,age50~,freq0
4394,age35~49,freq1
4395,age20~34,freq1
4396,age50~,freq3~
4397,age50~,freq0
4398,age50~,freq0
4399,age20~34,freq0
4400,age20~34,freq3~
4401,age35~49,freq1
4402,age50~,freq1
4403,age50~,freq3~
4404,age50~,freq1
4405,age20~34,freq1
4406,age35~49,freq0
4407,age~19,freq1
4408,age~19,freq0
4409,age35~49,freq0
4410,age20~34,freq1
4411,age20~34,freq0
4412,age20~34,freq3~
4413,age50~,freq2
4414,age35~49,freq0
4415,age35~49,freq3~
4416,age20~34,freq0
4417,age35~49,freq0
4418,age20~34,freq3~
4419,age50~,freq1
4420,age35~49,freq0
4421,age20~34,freq1
4422,age~19,freq0
4423,age~19,freq1
4424,age~19,freq0
4425,age35~49,freq3~
4426,age35~49,freq0
4427,age20~34,freq3~
4428,age20~34,freq2
4429,age20~34,freq1
4430,age20~34,freq0
4431,age35~49,freq3~
4432,age35~49,freq0
4433,age~19,freq1
4434,age35~49,freq1
4435,age50~,freq1
4436,age20~34,freq1
4437,age20~34,freq0
4438,age20~34,freq0
4439,age35~49,freq3~
4440,age35~49,freq1
4441,age20~34,freq1
4442,age~19,freq0
4443,age35~49,freq0
4444,age20~34,freq1
4445,age20~34,freq0
4446,age35~49,freq0
4447,age20~34,freq0
4448,age20~34,freq0
4449,age35~49,freq0
4450,age20~34,freq0
4451,age35~49,freq1
4452,age~19,freq3~
4453,age20~34,freq0
4454,age~19,freq0
4455,age35~49,freq0
4456,age35~49,freq1
4457,age35~49,freq1
4458,age35~49,freq1
4459,age50~,freq1
4460,age20~34,freq1
4461,age20~34,freq3~
4462,age35~49,freq1
4463,age35~49,freq0
4464,age35~49,freq0
4465,age50~,freq1
4466,age20~34,freq3~
4467,age20~34,freq0
4468,age~19,freq0
4469,age35~49,freq0
4470,age20~34,freq2
4471,age35~49,freq2
4472,age50~,freq2
4473,age20~34,freq0
4474,age~19,freq2
4475,age50~,freq3~
4476,age50~,freq1
4477,age35~49,freq1
4478,age35~49,freq1
4479,age~19,freq0
4480,age35~49,freq0
4481,age50~,freq0
4482,age50~,freq1
4483,age50~,freq1
4484,age35~49,freq0
4485,age35~49,freq3~
4486,age~19,freq0
4487,age35~49,freq1
4488,age35~49,freq0
4489,age20~34,freq1
4490,age35~49,freq3~
4491,age35~49,freq3~
4492,age20~34,freq3~
4493,age20~34,freq0
4494,age50~,freq2
4495,age20~34,freq1
4496,age50~,freq0
4497,age35~49,freq0
4498,age35~49,freq0
4499,age20~34,freq1
4500,age35~49,freq0
4501,age50~,freq0
4502,age35~49,freq0
4503,age20~34,freq1
4504,age35~49,freq1
4505,age20~34,freq3~
4506,age20~34,freq3~
4507,age20~34,freq1
4508,age20~34,freq0
4509,age20~34,freq0
4510,age50~,freq1
4511,age35~49,freq0
4512,age20~34,freq2
4513,age50~,freq0
4514,age35~49,freq1
4515,age~19,freq3~
4516,age35~49,freq3~
4517,age35~49,freq0
4518,age~19,freq0
4519,age20~34,freq0
4520,age50~,freq0
4521,age35~49,freq0
4522,age20~34,freq0
4523,age35~49,freq2
4524,age~19,freq1
4525,age35~49,freq0
4526,age~19,freq1
4527,age50~,freq0
4528,age50~,freq0
4529,age50~,freq0
4530,age~19,freq3~
4531,age50~,freq1
4532,age20~34,freq1
4533,age20~34,freq0
4534,age35~49,freq1
4535,age~19,freq3~
4536,age20~34,freq1
4537,age35~49,freq3~
4538,age~19,freq0
4539,age50~,freq0
4540,age50~,freq3~
4541,age20~34,freq3~
4542,age20~34,freq0
4543,age35~49,freq0
4544,age35~49,freq2
4545,age20~34,freq3~
4546,age20~34,freq1
4547,age35~49,freq3~
4548,age35~49,freq0
4549,age20~34,freq3~
4550,age35~49,freq2
4551,age20~34,freq2
4552,age35~49,freq1
4553,age35~49,freq0
4554,age20~34,freq0
4555,age20~34,freq1
4556,age35~49,freq2
4557,age20~34,freq2
4558,age~19,freq0
4559,age20~34,freq1
4560,age~19,freq0
4561,age20~34,freq1
4562,age50~,freq2
4563,age35~49,freq2
4564,age35~49,freq0
4565,age20~34,freq1
4566,age35~49,freq3~
4567,age20~34,freq3~
4568,age35~49,freq0
4569,age50~,freq0
4570,age~19,freq1
4571,age20~34,freq3~
4572,age20~34,freq1
4573,age50~,freq2
4574,age50~,freq0
4575,age50~,freq2
4576,age50~,freq2
4577,age35~49,freq1
4578,age~19,freq1
4579,age35~49,freq0
4580,age35~49,freq0
4581,age50~,freq3~
4582,age35~49,freq1
4583,age35~49,freq1
4584,age35~49,freq3~
4585,age35~49,freq1
4586,age35~49,freq0
4587,age35~49,freq3~
4588,age20~34,freq0
4589,age50~,freq1
4590,age20~34,freq3~
4591,age35~49,freq1
4592,age20~34,freq0
4593,age35~49,freq0
4594,age50~,freq1
4595,age35~49,freq1
4596,age~19,freq2
4597,age35~49,freq0
4598,age20~34,freq0
4599,age50~,freq0
4600,age50~,freq0
4601,age50~,freq0
4602,age35~49,freq0
4603,age~19,freq1
4604,age35~49,freq0
4605,age50~,freq1
4606,age50~,freq0
4607,age20~34,freq3~
4608,age20~34,freq2
4609,age50~,freq1
4610,age20~34,freq2
4611,age35~49,freq1
4612,age35~49,freq1
4613,age20~34,freq0
4614,age~19,freq0
4615,age35~49,freq3~
4616,age35~49,freq0
4617,age~19,freq3~
4618,age50~,freq0
4619,age50~,freq1
4620,age50~,freq1
4621,age35~49,freq1
4622,age35~49,freq1
4623,age35~49,freq1
4624,age50~,freq3~
4625,age50~,freq1
4626,age50~,freq2
4627,age50~,freq1
4628,age35~49,freq1
4629,age50~,freq2
4630,age~19,freq1
4631,age50~,freq0
4632,age35~49,freq0
4633,age35~49,freq2
4634,age35~49,freq0
4635,age20~34,freq1
4636,age50~,freq0
4637,age35~49,freq0
4638,age50~,freq0
4639,age~19,freq0
4640,age50~,freq2
4641,age35~49,freq1
4642,age50~,freq3~
4643,age35~49,freq3~
4644,age~19,freq1
4645,age50~,freq1
4646,age35~49,freq1
4647,age35~49,freq2
4648,age20~34,freq3~
4649,age~19,freq0
4650,age50~,freq2
4651,age20~34,freq0
4652,age20~34,freq1
4653,age50~,freq1
4654,age50~,freq3~
4655,age35~49,freq0
4656,age35~49,freq1
4657,age20~34,freq1
4658,age35~49,freq3~
4659,age35~49,freq2
4660,age~19,freq0
4661,age20~34,freq2
4662,age20~34,freq1
4663,age35~49,freq2
4664,age~19,freq3~
4665,age35~49,freq1
4666,age50~,freq1
4667,age35~49,freq1
4668,age20~34,freq1
4669,age35~49,freq0
4670,age35~49,freq0
4671,age20~34,freq0
4672,age~19,freq3~
4673,age50~,freq1
4674,age35~49,freq3~
4675,age35~49,freq3~
4676,age50~,freq0
4677,age35~49,freq0
4678,age50~,freq1
4679,age20~34,freq2
4680,age50~,freq0
4681,age50~,freq1
4682,age35~49,freq0
4683,age35~49,freq1
4684,age20~34,freq0
4685,age50~,freq2
4686,age50~,freq0
4687,age50~,freq0
4688,age35~49,freq0
4689,age35~49,freq0
4690,age20~34,freq2
4691,age20~34,freq1
4692,age35~49,freq0
4693,age50~,freq0
4694,age35~49,freq3~
4695,age20~34,freq1
4696,age50~,freq0
4697,age50~,freq0
4698,age50~,freq1
4699,age35~49,freq2
4700,age50~,freq3~
4701,age35~49,freq3~
4702,age~19,freq0
4703,age50~,freq0
4704,age20~34,freq3~
4705,age50~,freq2
4706,age50~,freq1
4707,age20~34,freq3~
4708,age35~49,freq0
4709,age50~,freq3~
4710,age35~49,freq0
4711,age20~34,freq0
4712,age35~49,freq0
4713,age35~49,freq0
4714,age20~34,freq0
4715,age50~,freq0
4716,age35~49,freq1
4717,age50~,freq2
4718,age35~49,freq0
4719,age20~34,freq1
4720,age~19,freq2
4721,age35~49,freq3~
4722,age20~34,freq3~
4723,age35~49,freq0
4724,age20~34,freq1
4725,age35~49,freq3~
4726,age35~49,freq0
4727,age35~49,freq3~
4728,age20~34,freq0
4729,age50~,freq0
4730,age20~34,freq1
4731,age20~34,freq0
4732,age20~34,freq3~
4733,age20~34,freq2
4734,age35~49,freq0
4735,age35~49,freq2
4736,age35~49,freq0
4737,age35~49,freq0
4738,age50~,freq0
4739,age20~34,freq2
4740,age50~,freq3~
4741,age~19,freq1
4742,age35~49,freq0
4743,age35~49,freq3~
4744,age20~34,freq1
4745,age~19,freq0
4746,age50~,freq0
4747,age35~49,freq1
4748,age35~49,freq3~
4749,age35~49,freq0
4750,age35~49,freq0
4751,age50~,freq1
4752,age20~34,freq0
4753,age20~34,freq2
4754,age50~,freq3~
4755,age~19,freq1
4756,age35~49,freq1
4757,age20~34,freq0
4758,age20~34,freq0
4759,age~19,freq0
4760,age20~34,freq2
4761,age35~49,freq0
4762,age~19,freq3~
4763,age50~,freq0
4764,age20~34,freq3~
4765,age35~49,freq1
4766,age20~34,freq1
4767,age35~49,freq0
4768,age20~34,freq1
4769,age20~34,freq0
4770,age35~49,freq2
4771,age35~49,freq0
4772,age20~34,freq1
4773,age20~34,freq0
4774,age50~,freq0
4775,age35~49,freq1
4776,age35~49,freq3~
4777,age35~49,freq2
4778,age20~34,freq0
4779,age~19,freq0
4780,age35~49,freq1
4781,age20~34,freq0
4782,age35~49,freq1
4783,age20~34,freq0
4784,age50~,freq0
4785,age35~49,freq0
4786,age35~49,freq0
4787,age20~34,freq3~
4788,age20~34,freq2
4789,age35~49,freq3~
4790,age35~49,freq3~
4791,age20~34,freq0
4792,age35~49,freq0
4793,age35~49,freq0
4794,age50~,freq0
4795,age35~49,freq3~
4796,age50~,freq1
4797,age20~34,freq1
4798,age20~34,freq3~
4799,age35~49,freq1
4800,age35~49,freq1
4801,age35~49,freq0
4802,age50~,freq1
4803,age20~34,freq0
4804,age35~49,freq0
4805,age20~34,freq2
4806,age20~34,freq1
4807,age35~49,freq3~
4808,age20~34,freq0
4809,age50~,freq1
4810,age50~,freq0
4811,age50~,freq0
4812,age35~49,freq2
4813,age20~34,freq3~
4814,age35~49,freq2
4815,age20~34,freq0
4816,age~19,freq3~
4817,age50~,freq1
4818,age50~,freq0
4819,age20~34,freq3~
4820,age35~49,freq1
4821,age20~34,freq3~
4822,age50~,freq0
4823,age~19,freq3~
4824,age20~34,freq0
4825,age35~49,freq1
4826,age20~34,freq2
4827,age20~34,freq2
4828,age50~,freq3~
4829,age20~34,freq2
4830,age35~49,freq1
4831,age35~49,freq1
4832,age35~49,freq2
4833,age35~49,freq0
4834,age35~49,freq1
4835,age~19,freq3~
4836,age35~49,freq1
4837,age~19,freq1
4838,age~19,freq0
4839,age35~49,freq1
4840,age~19,freq1
4841,age50~,freq3~
4842,age50~,freq2
4843,age35~49,freq0
4844,age20~34,freq0
4845,age20~34,freq0
4846,age20~34,freq2
4847,age50~,freq1
4848,age20~34,freq1
4849,age50~,freq3~
4850,age35~49,freq0
4851,age35~49,freq2
4852,age20~34,freq0
4853,age20~34,freq0
4854,age20~34,freq3~
4855,age35~49,freq1
4856,age20~34,freq2
4857,age35~49,freq0
4858,age35~49,freq1
4859,age35~49,freq1
4860,age35~49,freq2
4861,age50~,freq0
4862,age35~49,freq0
4863,age20~34,freq3~
4864,age50~,freq1
4865,age50~,freq0
4866,age35~49,freq3~
4867,age35~49,freq0
4868,age~19,freq1
4869,age35~49,freq3~
4870,age20~34,freq1
4871,age~19,freq1
4872,age35~49,freq0
4873,age20~34,freq0
4874,age20~34,freq3~
4875,age20~34,freq0
4876,age35~49,freq3~
4877,age35~49,freq0
4878,age~19,freq3~
4879,age35~49,freq3~
4880,age35~49,freq0
4881,age20~34,freq2
4882,age35~49,freq0
4883,age20~34,freq1
4884,age50~,freq1
4885,age35~49,freq0
4886,age~19,freq0
4887,age20~34,freq1
4888,age35~49,freq1
4889,age50~,freq2
4890,age~19,freq3~
4891,age50~,freq3~
4892,age20~34,freq1
4893,age35~49,freq1
4894,age50~,freq1
4895,age50~,freq1
4896,age50~,freq0
4897,age35~49,freq3~
4898,age~19,freq1
4899,age35~49,freq1
4900,age35~49,freq3~
4901,age50~,freq0
4902,age35~49,freq0
4903,age35~49,freq1
4904,age20~34,freq0
4905,age35~49,freq3~
4906,age35~49,freq0
4907,age~19,freq1
4908,age50~,freq1
4909,age50~,freq0
4910,age~19,freq2
4911,age50~,freq0
4912,age20~34,freq1
4913,age20~34,freq0
4914,age20~34,freq0
4915,age35~49,freq1
4916,age20~34,freq1
4917,age20~34,freq0
4918,age20~34,freq1
4919,age~19,freq1
4920,age35~49,freq0
4921,age35~49,freq3~
4922,age35~49,freq3~
4923,age20~34,freq3~
4924,age35~49,freq1
4925,age20~34,freq1
4926,age35~49,freq2
4927,age50~,freq1
4928,age35~49,freq1
4929,age50~,freq0
4930,age~19,freq0
4931,age35~49,freq2
4932,age35~49,freq3~
4933,age~19,freq0
4934,age50~,freq2
4935,age20~34,freq1
4936,age35~49,freq0
4937,age35~49,freq0
4938,age20~34,freq1
4939,age35~49,freq1
4940,age35~49,freq3~
4941,age20~34,freq1
4942,age35~49,freq1
4943,age20~34,freq0
4944,age35~49,freq1
4945,age35~49,freq3~
4946,age35~49,freq0
4947,age~19,freq2
4948,age35~49,freq1
4949,age20~34,freq3~
4950,age20~34,freq3~
4951,age50~,freq0
4952,age20~34,freq3~
4953,age35~49,freq1
4954,age35~49,freq1
4955,age35~49,freq0
4956,age50~,freq0
4957,age35~49,freq1
4958,age35~49,freq3~
4959,age35~49,freq1
4960,age35~49,freq1
4961,age35~49,freq1
4962,age~19,freq0
4963,age35~49,freq2
4964,age35~49,freq0
4965,age20~34,freq0
4966,age~19,freq1
4967,age20~34,freq1
4968,age50~,freq0
4969,age35~49,freq1
4970,age50~,freq1
4971,age20~34,freq0
4972,age50~,freq2
4973,age35~49,freq0
4974,age50~,freq0
4975,age50~,freq1
4976,age~19,freq3~
4977,age35~49,freq1
4978,age50~,freq1
4979,age35~49,freq0
4980,age20~34,freq1
4981,age50~,freq0
4982,age35~49,freq1
4983,age50~,freq2
4984,age20~34,freq3~
4985,age50~,freq0
4986,age20~34,freq0
4987,age20~34,freq1
4988,age20~34,freq3~
4989,age20~34,freq0
4990,age35~49,freq0
4991,age50~,freq0
4992,age35~49,freq0
4993,age~19,freq0
4994,age50~,freq0
4995,age50~,freq1
4996,age50~,freq0
4997,age50~,freq0
4998,age35~49,freq1
4999,age50~,freq1
5000,age20~34,freq0
